No UNIDAD,DIA,MES,HORA SALIDA,TIEMPO DE VIAJE,DISTANCIA METROS,LONGITUD SALIDA,LATITUD SALIDA,LONGITUD LLEGADA,LATITUD LLEGADA,DT,SALIDA,SALIDA2,,,
7,3,2,11.05055556,1.933333333,1319,-116.966204,32.505984,-116.979177,32.510037,0.066666667,INCREMENTO,1,,,
1,3,2,15.46277778,11.36666667,8764,-116.936466,32.384061,-116.94339,32.403006,-4.5,DP,2,,,
2,3,2,19.03555556,4.916666667,1376,-116.885752,32.460417,-116.885793,32.460485,-4.733333333,DP,2,,,
7,3,2,20.27861111,1.816666667,246,-117.020239,32.526821,-117.022252,32.528234,2.183333333,INCREMENTO,1,,,
2,3,2,20.92222222,1.983333333,384,-116.88457,32.44858,-116.885057,32.44809,0.2,INCREMENTO,1,,,
4,3,2,20.99611111,4.45,1489,-116.918182,32.49737,-116.902778,32.499377,-2.45,DP,2,,,
3,3,2,21.3325,11.56666667,9629,-116.953413,32.502059,-116.885072,32.448804,-0.566666667,INCREMENTO,1,,,
1,3,2,22.10166667,48.5,14451,-116.875617,32.439529,-116.969763,32.508308,-30.5,DM,3,,,
2,3,2,22.4575,26.06666667,20580,-116.849043,32.468587,-116.955602,32.390532,-9.916666667,DM,3,,,
1,4,2,10.69194444,4.683333333,1958,-116.873324,32.473467,-116.868771,32.487672,-0.683333333,INCREMENTO,1,,,
3,4,2,10.7125,116.6333333,77291,-116.754293,32.310118,-116.868521,32.494242,-50.75,DM,3,,,
1,4,2,11.70805556,14.06666667,6171,-116.868854,32.493078,-116.824146,32.484822,-2.133333333,DP,2,,,
4,4,2,11.68444444,4.333333333,4009,-116.918823,32.461423,-116.885198,32.4481,-0.666666667,INCREMENTO,1,,,
3,4,2,15.31555556,13,3674,-116.881575,32.491889,-116.916678,32.498283,-8,DM,3,,,
3,4,2,15.74916667,5.233333333,4367,-116.963729,32.509689,-116.939886,32.491602,-3.233333333,DP,2,,,
2,4,2,17.78222222,14.78333333,12075,-117.010097,32.525388,-116.92551,32.468227,-2.166666667,DP,2,,,
6,4,2,19.20722222,3.583333333,939,-116.972085,32.512065,-116.969735,32.508337,0.5,INCREMENTO,1,,,
3,4,2,19.48111111,35.31666667,10225,-116.86861,32.496742,-116.906837,32.474575,-24.38333333,DM,3,,,
3,4,2,20.99888889,49.65,21444,-116.963108,32.520426,-116.819819,32.484217,-1.633333333,INCREMENTO,1,,,
1,4,2,22.22805556,35.53333333,6264,-116.914832,32.498439,-116.969766,32.508313,-22.53333333,DM,3,,,
8,5,2,8.846111111,11.86666667,5048,-117.083726,32.533393,-117.086929,32.503124,-1.933333333,DP,2,,,
2,5,2,13.18777778,1.516666667,805,-116.873603,32.46794,-116.873232,32.475197,-0.516666667,INCREMENTO,1,,,
1,5,2,13.99611111,4.966666667,973,-116.835337,32.523745,-116.825348,32.523035,0.033333333,INCREMENTO,1,,,
4,5,2,16.02611111,11.61666667,4273,-116.87283,32.478413,-116.884622,32.44871,1,INCREMENTO,1,,,
4,5,2,17.25416667,30.78333333,18604,-116.96674,32.426058,-117.009988,32.525463,-2.783333333,DP,2,,,
4,5,2,19.37361111,12.46666667,10443,-116.885265,32.448285,-116.957973,32.507,-2.116666667,DP,2,,,
1,5,2,19.88472222,16.78333333,11033,-116.956047,32.503994,-116.873576,32.461898,1.233333333,INCREMENTO,1,,,
2,5,2,20.64916667,4.416666667,516,-116.892167,32.501408,-116.886675,32.501117,0.583333333,INCREMENTO,1,,,
2,6,2,1.061111111,5.15,1684,-116.877607,32.502547,-116.868857,32.494223,-0.833333333,INCREMENTO,1,,,
6,6,2,1.473611111,3.65,758,-116.988363,32.510892,-116.995302,32.509907,0.116666667,INCREMENTO,1,,,
6,6,2,6.621666667,3.35,2851,-116.985002,32.516947,-117.010035,32.525543,-0.166666667,INCREMENTO,1,,,
6,6,2,7.841666667,0.883333333,192,-116.961368,32.515482,-116.960512,32.515685,0.433333333,INCREMENTO,1,,,
4,6,2,7.8575,11.7,9891,-116.904238,32.45423,-116.963833,32.50674,1.316666667,INCREMENTO,1,,,
4,6,2,9.007222222,10.8,6438,-116.868803,32.44392,-116.873105,32.475417,-2.15,DP,2,,,
5,6,2,11.27555556,4.7,2170,-116.950085,32.496596,-116.964106,32.506755,0.316666667,INCREMENTO,1,,,
4,6,2,12.51277778,7.983333333,4034,-116.910637,32.511342,-116.877933,32.506485,0.483333333,INCREMENTO,1,,,
6,6,2,14.65916667,3.233333333,456,-116.963973,32.506985,-116.967222,32.506847,-0.95,INCREMENTO,1,,,
6,6,2,16.64972222,2.866666667,371,-116.983937,32.508715,-116.981365,32.507628,-1.866666667,DP,2,,,
4,6,2,16.85666667,6.55,1814,-116.911322,32.498868,-116.892413,32.501337,0.45,INCREMENTO,1,,,
5,6,2,17.63555556,11.76666667,5642,-116.943149,32.510415,-116.908232,32.538949,-3.766666667,DP,2,,,
6,6,2,18.60666667,17.58333333,3213,-116.948823,32.487948,-116.963978,32.506907,-12.1,DM,3,,,
2,6,2,20.7725,14.26666667,10415,-116.885115,32.448152,-116.957755,32.506838,-5.483333333,DP,2,,,
4,6,2,21.36861111,6.383333333,1431,-116.969758,32.5084,-116.969098,32.502818,-2.4,DP,2,,,
1,6,2,21.80833333,2.45,1378,-116.937582,32.383794,-116.932784,32.375593,0.55,INCREMENTO,1,,,
6,6,2,23.42333333,15.98333333,4241,-116.97002,32.45685,-116.943773,32.484842,2.6,INCREMENTO,1,,,
5,7,2,6.580277778,2.683333333,1608,-116.998125,32.518072,-117.010053,32.525547,0.316666667,INCREMENTO,1,,,
5,7,2,11.00416667,17.38333333,7199,-116.965459,32.460814,-116.964131,32.506716,0.25,INCREMENTO,1,,,
5,7,2,14.54611111,21.93333333,8159,-116.961013,32.495746,-116.983258,32.461702,2.1,INCREMENTO,1,,,
2,7,2,15.18083333,5.2,1665,-116.885117,32.44816,-116.877057,32.456088,1.016666667,INCREMENTO,1,,,
4,7,2,15.43555556,51.28333333,29703,-116.944133,32.468058,-116.737953,32.514212,-12.75,DM,3,,,
2,7,2,16.58333333,16.95,6426,-116.886995,32.460373,-116.925008,32.451287,-0.583333333,INCREMENTO,1,,,
6,7,2,20.33833333,3.583333333,2323,-116.982063,32.515478,-116.963983,32.506895,-0.483333333,INCREMENTO,1,,,
3,7,2,20.44722222,17.63333333,3583,-116.94174,32.489237,-116.964498,32.507278,-3.266666667,DP,2,,,
4,7,2,20.81666667,34.63333333,26201,-116.794035,32.501245,-116.632297,32.557533,-4.95,DP,2,,,
7,7,2,20.83527778,14.73333333,12420,-117.016578,32.469141,-117.091784,32.530593,-1.716666667,INCREMENTO,1,,,
7,7,2,21.50222222,29.6,4716,-117.035164,32.52557,-116.992534,32.509102,-0.55,INCREMENTO,1,,,
6,7,2,22.57722222,13.61666667,8276,-116.936545,32.50034,-117.009992,32.525515,-4.9,DP,2,,,
4,7,2,23.06611111,7.766666667,1281,-116.969827,32.508465,-116.963935,32.506935,-3.266666667,DP,2,,,
5,7,2,23.62138889,4.25,755,-116.969861,32.50785,-116.963973,32.506863,-3.25,DP,2,,,
3,1,2,7.913888889,0.8,112,-116.884436,32.448252,-116.885174,32.448181,0.2,INCREMENTO,1,,,
5,1,2,10.68611111,3.15,711,-116.969022,32.510879,-116.964116,32.506778,-1.15,INCREMENTO,1,,,
6,1,2,15.25194444,4.066666667,1489,-116.962357,32.514555,-116.96405,32.506877,-0.7,INCREMENTO,1,,,
1,1,2,20.10916667,14.81666667,4259,-116.971138,32.503844,-116.943007,32.502699,1.566666667,INCREMENTO,1,,,
2,1,2,20.27138889,7.3,1369,-116.969757,32.508417,-116.964025,32.50685,0.616666667,INCREMENTO,1,,,
7,1,2,20.43611111,6.45,1696,-116.97803,32.501819,-116.971367,32.494834,-1.45,INCREMENTO,1,,,
1,1,2,20.8725,24.51666667,15331,-116.884076,32.447529,-116.959589,32.388825,-7.516666667,DM,3,,,
5,1,2,21.71333333,0.683333333,571,-116.988966,32.48092,-116.985253,32.484775,1.316666667,INCREMENTO,1,,,
5,1,2,22.2325,4.183333333,935,-116.970698,32.508271,-116.965747,32.505498,-1.25,INCREMENTO,1,,,
7,1,2,22.70194444,0.683333333,242,-117.041898,32.437284,-117.042683,32.438474,0.016666667,INCREMENTO,1,,,
6,1,2,23.20833333,14.58333333,4398,-116.976475,32.509602,-117.010102,32.525545,-8.983333333,DM,3,,,
5,1,2,23.39694444,4.683333333,982,-116.969586,32.494192,-116.974378,32.489827,0.333333333,INCREMENTO,1,,,
1,2,2,8.199722222,1.25,473,-116.934895,32.378227,-116.932776,32.375617,0.75,INCREMENTO,1,,,
4,2,2,8.341388889,34.23333333,23683,-116.818002,32.482125,-117.009973,32.525478,3.216666667,INCREMENTO,1,,,
6,2,2,8.347222222,6,1942,-116.972415,32.465235,-116.966427,32.462388,0.1,INCREMENTO,1,,,
5,2,2,9.033888889,11.45,7908,-116.960164,32.506177,-116.909011,32.53873,2.5,INCREMENTO,1,,,
6,2,2,10.13222222,6.05,2010,-116.971022,32.530652,-116.95897,32.531393,-2.233333333,DP,2,,,
4,2,2,11.35333333,2.566666667,975,-116.873387,32.475835,-116.881278,32.47978,0.433333333,INCREMENTO,1,,,
4,2,2,12.85861111,13.2,9625,-116.868912,32.542273,-116.868523,32.494353,0.433333333,INCREMENTO,1,,,
9,2,2,13.90666667,2.083333333,730,-116.968188,32.497282,-116.96387,32.502743,1.916666667,INCREMENTO,1,,,
4,2,2,13.98611111,11.38333333,3924,-116.86857,32.494312,-116.855983,32.513882,-4.7,DP,2,,,
9,2,2,15.215,1.8,524,-116.894658,32.537752,-116.89364,32.540687,0.016666667,INCREMENTO,1,,,
4,2,2,17.80611111,2.833333333,561,-116.891303,32.501565,-116.890297,32.498367,-0.4,INCREMENTO,1,,,
6,2,2,19.10027778,16.58333333,4660,-116.976387,32.504753,-117.010123,32.525542,-7.483333333,DM,3,,,
6,2,2,20.93944444,21.46666667,5546,-116.952748,32.468783,-116.92638,32.476388,-12.71666667,DM,3,,,
1,2,2,21.07388889,26.38333333,18455,-116.920749,32.46264,-116.932774,32.375623,2.416666667,INCREMENTO,1,,,
6,3,2,6.793055556,2.6,738,-116.961668,32.502703,-116.9639,32.50688,0.4,INCREMENTO,1,,,
3,3,2,7.292222222,1.283333333,369,-116.885972,32.448917,-116.882574,32.449093,0.716666667,INCREMENTO,1,,,
2,3,2,8.8325,2.366666667,1665,-116.86981,32.444598,-116.886292,32.444733,0.65,INCREMENTO,1,,,
6,3,2,11.8075,13.73333333,14661,-116.889053,32.544327,-116.85319,32.542338,-10.73333333,DM,3,,,
6,3,2,12.235,1.05,143,-116.926375,32.477723,-116.92635,32.476465,-0.05,INCREMENTO,1,,,
4,3,2,12.80277778,1.25,829,-116.917275,32.469103,-116.911998,32.463672,0.266666667,INCREMENTO,1,,,
6,3,2,13.74416667,12.4,6275,-116.904867,32.544915,-116.925382,32.509507,4.066666667,INCREMENTO,1,,,
4,3,2,13.99638889,1.333333333,420,-116.909218,32.450962,-116.911593,32.451362,2.383333333,INCREMENTO,1,,,
2,3,2,14.99333333,3.183333333,429,-116.885303,32.448302,-116.885023,32.448477,-2.183333333,DP,2,,,
4,3,2,15.07083333,21.66666667,8025,-116.873643,32.46205,-116.932155,32.476618,-9.316666667,DM,3,,,
4,3,2,15.4725,10.13333333,4811,-116.932603,32.479248,-116.926405,32.476373,-3.933333333,DP,2,,,
5,3,2,16.00055556,4.616666667,3292,-116.992335,32.51609,-116.963972,32.506857,1.4,INCREMENTO,1,,,
2,3,2,16.45361111,13.56666667,5403,-116.924643,32.475425,-116.885068,32.448113,1.833333333,INCREMENTO,1,,,
3,3,2,17.60416667,40.13333333,20072,-116.823822,32.497212,-116.942113,32.523023,-24.13333333,DM,3,,,
5,3,2,17.7825,3.416666667,680,-116.990292,32.481372,-116.992759,32.483521,-0.416666667,INCREMENTO,1,,,
6,3,2,17.92666667,6.516666667,1556,-117.010075,32.525503,-117.010535,32.523525,-1.85,DP,2,,,
2,3,2,18.89611111,16.28333333,12549,-116.969972,32.508452,-116.885135,32.448787,1.85,INCREMENTO,1,,,
5,3,2,19.00777778,7.5,1965,-116.955613,32.467627,-116.971072,32.457974,0.5,INCREMENTO,1,,,
4,3,2,19.4525,13.8,10958,-116.966488,32.499458,-116.887192,32.451347,0.616666667,INCREMENTO,1,,,
6,3,2,20.86222222,18.9,6125,-116.932168,32.483753,-116.964015,32.506902,40.91666667,INCREMENTO,1,,,
5,3,2,22.395,16.23333333,3056,-116.964401,32.5068,-116.953609,32.48783,-8.233333333,DM,3,,,
6,3,2,22.91694444,31.23333333,5342,-116.954808,32.479312,-116.969758,32.508265,-16.35,DM,3,,,
6,3,2,23.45194444,2.033333333,277,-116.969798,32.50842,-116.972013,32.508797,-0.966666667,INCREMENTO,1,,,
1,4,2,8.531111111,1.883333333,581,-116.896262,32.498809,-116.890134,32.49837,0.116666667,INCREMENTO,1,,,
6,4,2,9.496944444,0.283333333,103,-117.021085,32.521277,-117.020425,32.522003,0.716666667,INCREMENTO,1,,,
4,4,2,12.86277778,1.816666667,387,-116.884572,32.448635,-116.885175,32.448128,-0.683333333,INCREMENTO,1,,,
6,4,2,12.97027778,3.316666667,1391,-116.956703,32.499008,-116.964013,32.506855,1.15,INCREMENTO,1,,,
5,4,2,13.205,3.033333333,657,-116.954434,32.510849,-116.95795,32.507244,-0.033333333,INCREMENTO,1,,,
6,4,2,14.07388889,6.583333333,2331,-116.964015,32.507065,-116.983457,32.511257,-0.333333333,INCREMENTO,1,,,
5,4,2,14.21444444,2.85,886,-116.965168,32.50838,-116.971729,32.510859,1.15,INCREMENTO,1,,,
6,4,2,18.7175,2.983333333,540,-117.017508,32.518727,-117.01929,32.521908,-0.316666667,INCREMENTO,1,,,
2,4,2,19.92666667,2.3,427,-116.885295,32.448292,-116.884995,32.448483,-1.3,INCREMENTO,1,,,
5,4,2,21.13055556,12.43333333,6266,-117.009917,32.526621,-116.963978,32.506822,-1.95,DP,2,,,
2,4,2,21.74,17.83333333,6236,-116.930318,32.452742,-116.885082,32.448143,-8.866666667,DM,3,,,
5,4,2,22.68638889,3.016666667,1000,-116.927836,32.485186,-116.926359,32.47633,-1,INCREMENTO,1,,,
6,5,2,15.70611111,3.066666667,619,-116.953755,32.492483,-116.954643,32.4916,-1.666666667,INCREMENTO,1,,,
4,5,2,15.98555556,3.033333333,1331,-116.962437,32.510452,-116.96393,32.506833,-0.283333333,INCREMENTO,1,,,
6,5,2,16.81138889,14.31666667,7667,-116.96303,32.509033,-116.901735,32.492388,-4.166666667,DP,2,,,
2,5,2,20.2075,5.916666667,1753,-116.908302,32.44485,-116.919797,32.44704,0.95,INCREMENTO,1,,,
6,5,2,20.78972222,11.41666667,5370,-116.9639,32.506803,-116.94167,32.533683,-3.3,DP,2,,,
5,6,2,8.201666667,1.883333333,1132,-116.962487,32.508603,-116.9559,32.502025,1.116666667,INCREMENTO,1,,,
3,6,2,8.318333333,6.116666667,1843,-116.876404,32.510939,-116.862866,32.513326,-2.316666667,DP,2,,,
6,6,2,9.036111111,0.783333333,164,-116.963185,32.507958,-116.96402,32.506827,0.3,INCREMENTO,1,,,
6,6,2,9.790555556,0.816666667,556,-116.961037,32.502147,-116.96547,32.50547,0.183333333,INCREMENTO,1,,,
2,6,2,11.90305556,1.666666667,379,-116.884542,32.448605,-116.885068,32.448123,0.15,INCREMENTO,1,,,
4,6,2,15.67777778,0.3,150,-116.884167,32.460972,-116.882635,32.461367,0.7,INCREMENTO,1,,,
3,6,2,17.24666667,10.65,8851,-116.930651,32.492674,-117.010013,32.525273,-3.65,DP,2,,,
2,6,2,17.62138889,3.816666667,665,-116.935967,32.471332,-116.932282,32.4688,1.616666667,INCREMENTO,1,,,
4,6,2,17.6075,18.15,4532,-116.90879,32.499563,-116.950872,32.494922,-6.933333333,DP,2,,,
5,6,2,17.67611111,8.866666667,2873,-116.93021,32.536751,-116.910521,32.538248,-2.866666667,DP,2,,,
3,6,2,18.58777778,54.46666667,13215,-116.865562,32.510537,-116.956453,32.552754,-27.53333333,DM,3,,,
2,6,2,19.18444444,11.35,11919,-116.920872,32.465553,-117.010108,32.525577,-2.15,DP,2,,,
6,6,2,22.58194444,3.183333333,585,-116.980082,32.516688,-116.986242,32.517327,-2.183333333,DP,2,,,
3,6,2,23.28833333,1.1,670,-116.820553,32.480677,-116.826852,32.477812,-0.1,INCREMENTO,1,,,
5,7,2,7.154444444,3.95,1487,-116.955684,32.498352,-116.963962,32.506817,-1.933333333,DP,2,,,
5,7,2,8.671111111,10.71666667,4767,-116.970881,32.460297,-116.955842,32.491902,0.283333333,INCREMENTO,1,,,
7,7,2,8.891111111,2.2,524,-117.067233,32.435428,-117.064304,32.436937,0.033333333,INCREMENTO,1,,,
5,7,2,8.921111111,2.983333333,1270,-116.958913,32.499031,-116.964126,32.506884,0.016666667,INCREMENTO,1,,,
6,7,2,9.577777778,0.666666667,194,-117.089728,32.530182,-117.091778,32.530632,1.15,INCREMENTO,1,,,
3,7,2,9.629444444,9.45,6980,-116.820433,32.457949,-116.884524,32.448834,-3.45,DP,2,,,
5,7,2,9.888055556,5.6,2797,-116.991303,32.510611,-116.996542,32.497227,9.4,INCREMENTO,1,,,
5,7,2,10.67138889,3.183333333,1724,-116.982913,32.510428,-116.965746,32.505541,-0.183333333,INCREMENTO,1,,,
6,7,2,11.46916667,13.96666667,11118,-116.917938,32.51393,-117.010043,32.525497,-0.35,INCREMENTO,1,,,
2,7,2,11.90444444,4.25,1632,-116.885302,32.448248,-116.869862,32.450658,-0.233333333,INCREMENTO,1,,,
5,7,2,12.36888889,3.016666667,2389,-116.984657,32.515504,-116.966326,32.509284,0.983333333,INCREMENTO,1,,,
2,7,2,13.93805556,0.283333333,123,-116.922742,32.462317,-116.921553,32.462445,2.583333333,INCREMENTO,1,,,
4,7,2,14.53916667,10.23333333,3086,-116.928945,32.4403,-116.924243,32.458355,-2.316666667,DP,2,,,
5,7,2,15.95527778,33.58333333,11111,-116.968106,32.474337,-117.010299,32.525453,-20.58333333,DM,3,,,
3,7,2,18.64083333,25.83333333,7065,-116.906636,32.500046,-116.969874,32.508407,-9.816666667,DM,3,,,
5,7,2,19.31916667,9.866666667,6857,-116.956511,32.507763,-117.010086,32.525569,-0.866666667,INCREMENTO,1,,,
2,7,2,19.4625,10.71666667,5719,-116.8311,32.455862,-116.88512,32.448132,-2.85,DP,2,,,
3,7,2,19.72472222,15.88333333,6508,-116.885925,32.501117,-116.843614,32.504156,-6.883333333,DP,2,,,
5,7,2,22.98694444,15.63333333,6024,-116.926379,32.515876,-116.969922,32.508437,-7.2,DP,2,,,
4,1,2,6.118333333,46.56666667,37860,-116.732157,32.403655,-117.010047,32.525463,-11.11666667,DM,3,,,
7,1,2,6.246388889,7.3,2086,-117.022904,32.510093,-117.028227,32.524931,-4.3,DP,2,,,
4,1,2,7.498055556,1.866666667,481,-116.932723,32.457887,-116.935427,32.458,1,INCREMENTO,1,,,
5,1,2,8.309722222,10.28333333,10767,-116.961997,32.508237,-116.885021,32.448064,1.65,INCREMENTO,1,,,
5,1,2,8.825277778,3.583333333,1773,-116.953304,32.496641,-116.963949,32.506897,2.4,INCREMENTO,1,,,
1,1,2,11.07027778,13.43333333,6496,-116.882644,32.449695,-116.868539,32.494343,0.4,INCREMENTO,1,,,
1,1,2,12.25861111,0.6,112,-116.87043,32.521673,-116.870161,32.522636,2.333333333,INCREMENTO,1,,,
6,1,2,19.26805556,14.33333333,7811,-117.010905,32.471077,-116.94874,32.503033,-0.433333333,INCREMENTO,1,,,
1,1,2,20.02138889,27.53333333,7706,-116.899842,32.498953,-116.969744,32.508327,-12.53333333,DM,3,,,
1,1,2,20.83638889,7.683333333,2313,-116.898207,32.455593,-116.875178,32.461855,2.316666667,INCREMENTO,1,,,
2,1,2,21.14222222,12.86666667,4021,-116.87538,32.451127,-116.848457,32.470372,-4.233333333,DP,2,,,
5,1,2,21.30888889,5,1280,-116.972462,32.508899,-116.969864,32.508184,-1,INCREMENTO,1,,,
2,1,2,21.63611111,44.98333333,16407,-116.848477,32.470328,-116.969838,32.508232,-6.766666667,DP,2,,,
5,1,2,22.67833333,12.18333333,2041,-117.009418,32.513654,-116.989133,32.508975,-7.183333333,DP,2,,,
6,1,2,23.79277778,15.21666667,6485,-117.010112,32.525487,-116.964187,32.506868,-6.516666667,DP,2,,,
1,2,2,4.489722222,9.466666667,2956,-116.850679,32.490314,-116.868517,32.494268,-3.55,DP,2,,,
1,2,2,7.016388889,16.7,16621,-117.008077,32.525309,-116.88519,32.448073,-3.316666667,DP,2,,,
1,2,2,7.611388889,5.866666667,2672,-116.882246,32.450052,-116.874732,32.446489,1.216666667,INCREMENTO,1,,,
5,2,2,8.330277778,4.483333333,1460,-116.943446,32.48555,-116.950976,32.494957,-0.483333333,INCREMENTO,1,,,
6,2,2,16.43194444,18.33333333,3521,-116.96409,32.50676,-116.986883,32.521148,-11.76666667,DM,3,,,
6,2,2,17.4575,15.11666667,7745,-116.963923,32.50692,-116.971257,32.52141,-8.066666667,DM,3,,,
5,2,2,18.03194444,2.183333333,309,-116.899193,32.529347,-116.900111,32.53074,-0.25,INCREMENTO,1,,,
5,2,2,19.98972222,7.666666667,3087,-116.963585,32.503963,-116.939007,32.491027,-3.666666667,DP,2,,,
4,2,2,20.0275,13.15,10753,-116.962483,32.508612,-116.88512,32.448763,1.033333333,INCREMENTO,1,,,
5,3,2,8.383888889,0.5,119,-116.9663,32.509363,-116.967311,32.509898,0.5,INCREMENTO,1,,,
5,3,2,10.27972222,2.583333333,1506,-116.962426,32.514811,-116.963922,32.506926,31.78333333,INCREMENTO,1,,,
5,3,2,11.48805556,0.416666667,106,-116.924569,32.491219,-116.925211,32.491999,0.583333333,INCREMENTO,1,,,
5,3,2,12.97166667,25.33333333,24519,-116.926494,32.515921,-117.091796,32.530633,-8.316666667,DM,3,,,
5,3,2,14.41805556,9.533333333,3781,-116.946394,32.49489,-116.926424,32.476401,-2.533333333,DP,2,,,
2,3,2,14.90638889,8.066666667,4334,-116.925397,32.462158,-116.885648,32.460333,-0.333333333,INCREMENTO,1,,,
2,3,2,15.24083333,5.466666667,1333,-116.885682,32.46037,-116.874142,32.460143,-1.033333333,INCREMENTO,1,,,
4,3,2,15.82638889,3.866666667,819,-116.880225,32.461322,-116.874135,32.460182,-1.15,INCREMENTO,1,,,
2,3,2,16.34416667,0.75,309,-116.73312,32.505493,-116.733445,32.508242,0.25,INCREMENTO,1,,,
6,3,2,16.88972222,8.083333333,1576,-117.010057,32.525527,-117.010772,32.535565,0.25,INCREMENTO,1,,,
2,3,2,16.92194444,35.26666667,17833,-116.774188,32.475515,-116.926352,32.476365,-2.45,DP,2,,,
5,3,2,17.85416667,5.933333333,2857,-116.985263,32.513395,-116.964051,32.506809,0.066666667,INCREMENTO,1,,,
3,3,2,18.23805556,6.883333333,4695,-117.002568,32.51919,-117.011713,32.525841,-4.883333333,DP,2,,,
7,3,2,18.84888889,14.65,11024,-117.035763,32.443388,-117.061441,32.503401,-3.716666667,DP,2,,,
1,3,2,20.63916667,30.41666667,11439,-116.964528,32.426075,-116.87742,32.446399,0.05,INCREMENTO,1,,,
3,3,2,20.84944444,1.7,594,-116.867248,32.499071,-116.868814,32.494309,0.3,INCREMENTO,1,,,
5,3,2,23.40555556,13.91666667,5609,-117.008832,32.522257,-116.964015,32.506813,-6.916666667,DP,2,,,
1,4,2,2.207222222,75.11666667,31086,-117.010151,32.526563,-116.932716,32.375615,-49.1,DM,3,,,
2,4,2,7.542777778,13.71666667,8090,-116.884957,32.44794,-116.926675,32.470207,-1.366666667,INCREMENTO,1,,,
4,4,2,7.918611111,8.216666667,3322,-116.873617,32.467808,-116.868488,32.494287,0.9,INCREMENTO,1,,,
3,4,2,8.031388889,8.616666667,3427,-116.897676,32.459381,-116.9105,32.476243,4.383333333,INCREMENTO,1,,,
6,4,2,8.335,2.083333333,707,-116.916433,32.537567,-116.916968,32.541888,-0.316666667,INCREMENTO,1,,,
5,4,2,8.602777778,6.4,3971,-116.929994,32.48094,-116.92848,32.477268,-5.4,DP,2,,,
4,4,2,9.338333333,10.61666667,5177,-116.933543,32.546518,-116.96326,32.518163,-0.483333333,INCREMENTO,1,,,
5,4,2,9.352777778,5.066666667,1376,-116.986777,32.517602,-116.990014,32.510286,-2.166666667,DP,2,,,
3,4,2,9.981944444,6.733333333,3657,-116.894134,32.457396,-116.88082,32.463005,-2.733333333,DP,2,,,
3,4,2,11.99,2.283333333,650,-116.960521,32.496763,-116.965741,32.498693,-0.283333333,INCREMENTO,1,,,
4,4,2,12.63583333,2.183333333,435,-116.859935,32.522778,-116.85698,32.523505,0.533333333,INCREMENTO,1,,,
6,4,2,13.29805556,18.73333333,12246,-116.890455,32.546635,-116.9641,32.506772,1.333333333,INCREMENTO,1,,,
6,4,2,14.85194444,4.816666667,1877,-116.962815,32.515593,-116.963502,32.509008,0.9,INCREMENTO,1,,,
5,4,2,15.08833333,17.35,7218,-116.964229,32.510072,-116.962431,32.46778,-1.35,INCREMENTO,1,,,
5,4,2,16.62777778,1.25,278,-116.925519,32.476464,-116.926049,32.476454,0.766666667,INCREMENTO,1,,,
3,4,2,16.88027778,15,15707,-117.009856,32.522649,-116.885177,32.448174,-1.283333333,INCREMENTO,1,,,
2,4,2,18.06972222,16.16666667,6132,-116.885207,32.448127,-116.907867,32.480672,-3.283333333,DP,2,,,
4,4,2,18.13638889,6.516666667,2304,-116.884192,32.500893,-116.86854,32.494288,-0.733333333,INCREMENTO,1,,,
6,4,2,18.81194444,0.666666667,148,-116.956522,32.507043,-116.956193,32.50824,2.066666667,INCREMENTO,1,,,
2,4,2,19.7175,36.25,21077,-116.73139,32.401332,-116.869892,32.451853,-11.88333333,DM,3,,,
6,4,2,19.90722222,8.5,2019,-116.970645,32.494912,-116.9883,32.493223,-1.75,INCREMENTO,1,,,
3,4,2,20.6575,20.7,6703,-116.83952,32.472976,-116.884573,32.448763,-5.7,DP,2,,,
5,5,2,10.04694444,3.533333333,2107,-116.954804,32.533394,-116.963213,32.519283,6.466666667,INCREMENTO,1,,,
3,5,2,10.58194444,18.35,6110,-116.861431,32.506457,-116.827453,32.498271,-12.41666667,DM,3,,,
6,5,2,11.2475,6.133333333,1884,-116.892097,32.538373,-116.87716,32.543238,0.366666667,INCREMENTO,1,,,
5,5,2,11.49722222,3.633333333,1161,-116.919932,32.525844,-116.92692,32.520939,0.366666667,INCREMENTO,1,,,
1,5,2,11.73555556,2.483333333,808,-116.895821,32.515407,-116.902531,32.516256,1.516666667,INCREMENTO,1,,,
7,5,2,14.98333333,9.666666667,10678,-116.961776,32.508115,-116.884998,32.448689,3.333333333,INCREMENTO,1,,,
1,5,2,15.27416667,1.333333333,640,-116.873604,32.473346,-116.873885,32.467604,-0.333333333,INCREMENTO,1,,,
3,5,2,17.88444444,23.38333333,6341,-116.868533,32.484592,-116.903985,32.517235,-7.383333333,DM,3,,,
7,6,2,0.188055556,18.9,9276,-116.925153,32.458281,-116.96409,32.506766,-4.9,DP,2,,,
7,6,2,1.5125,5.716666667,1241,-116.952001,32.495503,-116.946556,32.488666,1.283333333,INCREMENTO,1,,,
5,6,2,2.590555556,12.7,5070,-116.937086,32.494711,-116.964034,32.506841,-5.7,DP,2,,,
1,6,2,2.710277778,10.21666667,4752,-116.837449,32.522126,-116.86146,32.497596,-1.216666667,INCREMENTO,1,,,
7,6,2,2.88,11.41666667,7744,-116.969235,32.495949,-117.010073,32.525521,-1.416666667,INCREMENTO,1,,,
5,6,2,10.76861111,4.65,1875,-117.010747,32.525718,-117.0082,32.518505,0.35,INCREMENTO,1,,,
6,6,2,10.93361111,4.9,3578,-116.9269,32.474525,-116.945788,32.4912,0.25,INCREMENTO,1,,,
5,6,2,14.94111111,18.2,9715,-116.934212,32.537387,-117.010121,32.525428,-1.2,INCREMENTO,1,,,
3,6,2,15.21444444,11.71666667,2998,-116.886548,32.468697,-116.872852,32.475576,3.516666667,INCREMENTO,1,,,
7,6,2,16.59083333,24.51666667,15771,-117.048525,32.491229,-117.010086,32.525405,-8.616666667,DM,3,,,
1,6,2,22.45527778,18.35,7955,-116.925584,32.470696,-116.969757,32.508329,-8.666666667,DM,3,,,
2,7,2,1.461388889,36.28333333,14181,-116.821383,32.470378,-116.926327,32.476272,-20.16666667,DM,3,,,
4,7,2,2.851666667,17.35,5220,-116.925418,32.468318,-116.885138,32.448077,-10.43333333,DM,3,,,
5,7,2,9.350833333,5.016666667,2960,-116.964459,32.502281,-116.985002,32.487759,0.916666667,INCREMENTO,1,,,
6,7,2,9.851666667,6.683333333,6349,-116.960953,32.506592,-117.009932,32.525505,-0.483333333,INCREMENTO,1,,,
5,1,2,0.562777778,26.21666667,10654,-116.902804,32.543881,-116.964012,32.50682,-14.73333333,DM,3,,,
6,1,2,4.860555556,8.233333333,4087,-116.940295,32.494507,-116.964037,32.506903,-3.333333333,DP,2,,,
5,1,2,4.935277778,23.9,10785,-116.973067,32.446096,-116.964151,32.506777,-7.133333333,DP,2,,,
2,1,2,6.8075,7.95,2863,-116.885065,32.448088,-116.873525,32.462357,1.116666667,INCREMENTO,1,,,
4,1,2,8.368333333,19.98333333,19535,-116.729555,32.469417,-116.859025,32.445253,1.316666667,INCREMENTO,1,,,
7,1,2,11.37777778,6.316666667,2388,-116.999368,32.516749,-116.985639,32.507832,-0.166666667,INCREMENTO,1,,,
1,1,2,11.65472222,4.716666667,1419,-116.86959,32.496377,-116.866379,32.504506,-1.716666667,INCREMENTO,1,,,
5,1,2,13.06138889,3.516666667,2522,-116.963101,32.508072,-116.961902,32.513527,-0.583333333,INCREMENTO,1,,,
6,1,2,13.10805556,17.28333333,3917,-117.02875,32.54312,-117.03062,32.54345,-15.81666667,DM,3,,,
5,1,2,13.64388889,3.5,827,-116.986592,32.510869,-116.985581,32.507843,-0.5,INCREMENTO,1,,,
5,1,2,14.36055556,20.03333333,5840,-116.95379,32.467093,-116.926104,32.476167,-7.016666667,DP,2,,,
6,1,2,14.33611111,8.8,3087,-117.001227,32.473335,-116.999952,32.464693,7.366666667,INCREMENTO,1,,,
1,1,2,14.93055556,15.68333333,4819,-116.868779,32.496155,-116.857051,32.523348,0.25,INCREMENTO,1,,,
1,1,2,15.67972222,3.233333333,933,-116.870179,32.513695,-116.865901,32.509301,0.766666667,INCREMENTO,1,,,
5,1,2,15.99527778,36.33333333,7756,-116.997806,32.469661,-116.985374,32.511145,-18.33333333,DM,3,,,
5,1,2,17.87805556,2.066666667,659,-116.971548,32.482942,-116.975533,32.478379,-0.133333333,INCREMENTO,1,,,
2,1,2,17.94694444,3.05,413,-117.038553,32.533925,-117.04161,32.532518,-0.416666667,INCREMENTO,1,,,
1,1,2,19.09722222,6.533333333,5566,-116.927709,32.473047,-116.885082,32.44809,7.466666667,INCREMENTO,1,,,
4,1,2,21.26083333,0.4,128,-116.62693,32.545777,-116.625707,32.546133,-0.016666667,INCREMENTO,1,,,
5,2,2,1.839166667,24.91666667,5784,-116.926874,32.511079,-116.964026,32.506794,-14.91666667,DM,3,,,
4,2,2,8.366944444,1.75,486,-116.868485,32.446352,-116.8696,32.449842,-0.366666667,INCREMENTO,1,,,
1,2,2,9.109166667,22.05,13838,-116.868233,32.508134,-116.964007,32.506915,-1.716666667,INCREMENTO,1,,,
6,2,2,11.79111111,4.383333333,1383,-116.964387,32.497767,-116.966018,32.505522,-0.133333333,INCREMENTO,1,,,
5,2,2,16.27,21.06666667,8207,-116.964219,32.504227,-116.922165,32.537407,-7.066666667,DP,2,,,
2,2,2,16.69972222,26.78333333,12421,-116.923253,32.417368,-116.88228,32.4462,-12.5,DM,3,,,
5,2,2,17.65666667,15.38333333,10346,-116.918141,32.506881,-117.010092,32.525543,-6.383333333,DP,2,,,
1,2,2,19.58388889,2.433333333,1008,-116.868903,32.484589,-116.868829,32.493656,1.566666667,INCREMENTO,1,,,
5,2,2,21.16194444,20.8,15256,-117.08971,32.53015,-116.969899,32.508309,-4.783333333,DP,2,,,
3,2,2,21.33111111,7.966666667,4782,-117.004235,32.519509,-116.969819,32.508367,-2.3,DP,2,,,
1,2,2,21.79472222,2.366666667,763,-116.868908,32.487404,-116.86852,32.494261,0.966666667,INCREMENTO,1,,,
6,2,2,22.48888889,17.31666667,31984,-115.077377,31.758765,-115.069807,31.480777,5.933333333,INCREMENTO,1,,,
6,2,2,23.63444444,2.783333333,897,-114.836755,31.029577,-114.830288,31.027408,-0.166666667,INCREMENTO,1,,,
1,3,2,6.724722222,2.516666667,782,-116.87369,32.469458,-116.873771,32.462439,-0.5,INCREMENTO,1,,,
5,3,2,7.773611111,1.683333333,530,-116.970211,32.508198,-116.971868,32.511531,1.25,INCREMENTO,1,,,
6,3,2,10.00194444,4.166666667,2372,-116.956313,32.511658,-116.968613,32.517277,0.35,INCREMENTO,1,,,
2,3,2,13.19805556,5.283333333,1565,-116.916585,32.478363,-116.92643,32.476362,-0.366666667,INCREMENTO,1,,,
6,3,2,15.44,3.75,755,-116.926273,32.476597,-116.926582,32.477495,-1,INCREMENTO,1,,,
2,3,2,15.94833333,15.11666667,7262,-116.885108,32.448048,-116.934468,32.473213,1.7,INCREMENTO,1,,,
5,3,2,16.74055556,8.983333333,5629,-116.991225,32.508187,-116.963963,32.506943,-1.3,INCREMENTO,1,,,
4,3,2,18.70527778,2.783333333,930,-116.86856,32.494283,-116.875998,32.492003,0.566666667,INCREMENTO,1,,,
4,3,2,21.13,16.31666667,9734,-116.969888,32.508442,-116.890737,32.524157,-5.35,DP,2,,,
5,3,2,22.85944444,23.9,2949,-116.961098,32.527208,-116.963986,32.506991,-18.9,DM,3,,,
5,3,2,22.89277778,7.933333333,1275,-116.961654,32.512901,-116.963986,32.506991,-4.933333333,DP,2,,,
5,4,2,0.196666667,5.5,1105,-116.961191,32.51124,-116.964021,32.506841,-3.583333333,DP,2,,,
3,4,2,10.61416667,1.566666667,402,-116.869754,32.497213,-116.868623,32.494402,-0.566666667,INCREMENTO,1,,,
5,4,2,11.56833333,5.966666667,3601,-116.946003,32.517035,-116.963939,32.506946,0.916666667,INCREMENTO,1,,,
5,4,2,17.66861111,9.683333333,2105,-116.981591,32.507683,-116.964019,32.506826,-1.683333333,INCREMENTO,1,,,
6,4,2,17.75027778,2.533333333,390,-116.962283,32.505472,-116.964,32.506837,-0.933333333,INCREMENTO,1,,,
6,4,2,19.25472222,10.85,4751,-116.935112,32.47921,-116.926397,32.476378,-2.533333333,DP,2,,,
5,4,2,22.08972222,15.46666667,6400,-117.010829,32.525831,-116.96417,32.506857,-7.45,DM,3,,,
5,5,2,2.288333333,12.73333333,9530,-116.932111,32.522691,-117.010073,32.525562,2.266666667,INCREMENTO,1,,,
6,5,2,8.117777778,10.11666667,5098,-116.930283,32.493047,-116.963963,32.506842,-1.85,DP,2,,,
6,5,2,11.86833333,9.783333333,4092,-116.99189,32.510555,-117.018737,32.515712,-2.566666667,DP,2,,,
5,5,2,12.76861111,8.116666667,5393,-116.940495,32.534218,-116.964097,32.506784,1.883333333,INCREMENTO,1,,,
6,5,2,14.63222222,1.066666667,176,-116.964037,32.506235,-116.963997,32.506947,0.45,INCREMENTO,1,,,
5,5,2,14.79444444,5.283333333,2695,-116.9625,32.510471,-116.964049,32.506869,2.716666667,INCREMENTO,1,,,
6,5,2,15.73444444,7.533333333,2079,-116.963967,32.507028,-116.974053,32.4991,-2.366666667,DP,2,,,
6,5,2,17.02,5.516666667,1381,-116.957347,32.501137,-116.963955,32.50686,-1,INCREMENTO,1,,,
5,5,2,18.09666667,0.466666667,156,-116.971893,32.44932,-116.971343,32.447996,1.533333333,INCREMENTO,1,,,
4,5,2,19.14083333,1.516666667,331,-116.88817,32.446663,-116.885188,32.448163,0.65,INCREMENTO,1,,,
3,6,2,6.268611111,20.96666667,7321,-116.82848,32.490469,-116.873771,32.462216,-7.95,DM,3,,,
2,6,2,10.91694444,2.466666667,1380,-116.86962,32.450428,-116.874178,32.460147,1.25,INCREMENTO,1,,,
5,6,2,11.71722222,25.16666667,14173,-116.863677,32.540215,-116.920448,32.496781,-9.233333333,DM,3,,,
5,6,2,21.57527778,9.45,2170,-116.952571,32.469611,-116.943951,32.484421,-4.433333333,DP,2,,,
2,6,2,21.72138889,12.26666667,3850,-116.879742,32.45051,-116.859692,32.460385,-1.966666667,DP,2,,,
6,6,2,21.77722222,7.216666667,1255,-116.969857,32.50842,-116.9641,32.506773,-4.166666667,DP,2,,,
2,7,2,1.236944444,17.48333333,5548,-116.92631,32.476325,-116.885098,32.448173,2.316666667,INCREMENTO,1,,,
3,7,2,1.34,23.75,14806,-117.001871,32.518122,-116.885066,32.448076,-10.93333333,DM,3,,,
1,7,2,6.720833333,27.08333333,16211,-116.929687,32.480514,-116.891349,32.442581,-1.366666667,INCREMENTO,1,,,
2,7,2,7.088888889,31.9,20973,-116.94356,32.406717,-117.010038,32.525562,-7.616666667,DM,3,,,
2,7,2,17.02583333,3.566666667,1992,-116.900048,32.454495,-116.885087,32.448125,-1.016666667,INCREMENTO,1,,,
6,7,2,17.34083333,18.71666667,4984,-116.969032,32.490248,-116.96408,32.506803,-8.116666667,DM,3,,,
1,7,2,17.38027778,5.3,4935,-116.964377,32.511269,-117.010023,32.525511,-1.3,INCREMENTO,1,,,
5,7,2,18.38944444,17.61666667,4417,-116.930452,32.492787,-116.963977,32.506896,-11.6,DM,3,,,
6,7,2,19.14083333,15.83333333,5339,-116.99247,32.496923,-117.010108,32.525615,-6.283333333,DP,2,,,
6,7,2,20.55972222,29.71666667,10748,-116.96919,32.477623,-117.010043,32.525552,-17.18333333,DM,3,,,
1,7,2,23.16138889,28.76666667,13609,-116.960772,32.507345,-116.870594,32.498852,-12.76666667,DM,3,,,
5,1,2,4.158055556,9.933333333,2590,-116.945634,32.479401,-116.956956,32.478238,-1.95,DP,2,,,
1,1,2,7.004166667,13.16666667,11442,-116.889474,32.454772,-116.964119,32.506743,-3.166666667,DP,2,,,
5,1,2,7.473888889,2.65,840,-116.922603,32.505111,-116.919609,32.510682,3.366666667,INCREMENTO,1,,,
6,1,2,8.849722222,4.183333333,1753,-116.964043,32.506763,-116.979247,32.509908,-0.5,INCREMENTO,1,,,
6,1,2,10.47055556,2.183333333,560,-116.972887,32.438992,-116.977162,32.441145,0.433333333,INCREMENTO,1,,,
6,1,2,11.31555556,0.6,285,-116.957737,32.490353,-116.95562,32.492177,0.733333333,INCREMENTO,1,,,
5,1,2,11.6575,20.68333333,14757,-117.039312,32.528333,-116.926354,32.476373,-3.666666667,DP,2,,,
5,1,2,13.31666667,6.7,3109,-116.966122,32.50001,-116.963972,32.506836,-1.7,INCREMENTO,1,,,
3,1,2,13.40888889,14.25,6050,-116.883086,32.449506,-116.863452,32.487162,-3.216666667,DP,2,,,
4,1,2,17.61694444,9.816666667,5124,-116.885222,32.448318,-116.836742,32.453745,-3.766666667,DP,2,,,
5,1,2,18.15027778,8.133333333,3522,-116.991905,32.516083,-116.969983,32.508341,-1.75,INCREMENTO,1,,,
1,1,2,18.28388889,2.233333333,1000,-116.939933,32.385922,-116.939175,32.385986,-1.233333333,INCREMENTO,1,,,
2,1,2,18.53083333,4.466666667,1121,-116.874833,32.44647,-116.885143,32.448078,-0.2,INCREMENTO,1,,,
3,1,2,19.68166667,11.31666667,6279,-117.007807,32.525164,-116.969713,32.508308,-1.316666667,INCREMENTO,1,,,
1,1,2,22.05888889,10.46666667,9154,-116.896092,32.423057,-116.932512,32.375759,-0.083333333,INCREMENTO,1,,,
1,1,2,23.41083333,4.533333333,1090,-116.942646,32.406954,-116.937783,32.413014,-0.533333333,INCREMENTO,1,,,
3,2,2,2.045,44.16666667,9163,-116.942492,32.488869,-116.868436,32.494246,-23.03333333,DM,3,,,
4,2,2,7.206666667,20.2,9172,-116.885295,32.448305,-116.86604,32.505523,0.466666667,INCREMENTO,1,,,
6,2,2,8.171944444,9.45,7844,-116.963915,32.50695,-116.914618,32.465318,-1.766666667,INCREMENTO,1,,,
4,2,2,10.09833333,3.983333333,1340,-116.877832,32.512532,-116.866415,32.509432,0.266666667,INCREMENTO,1,,,
5,2,2,11.30888889,13.11666667,10025,-117.01344,32.473009,-116.958276,32.500307,-0.1,INCREMENTO,1,,,
6,2,2,12.28916667,2.65,2194,-116.980668,32.514958,-116.963972,32.506827,1.433333333,INCREMENTO,1,,,
5,2,2,12.63527778,7.083333333,2057,-116.984827,32.49431,-116.972556,32.508561,-0.083333333,INCREMENTO,1,,,
2,2,2,14.19194444,1.033333333,154,-117.010067,32.525407,-117.010408,32.52629,0.683333333,INCREMENTO,1,,,
6,2,2,14.53944444,3.133333333,543,-116.917767,32.506448,-116.917752,32.506618,-1.966666667,DP,2,,,
4,2,2,16.03361111,15.83333333,4385,-116.91399,32.498423,-116.870598,32.498875,-1,INCREMENTO,1,,,
4,2,2,17.44416667,19.58333333,6764,-116.894927,32.525597,-116.868523,32.494293,-3.866666667,DP,2,,,
5,2,2,17.73777778,0.25,179,-116.963054,32.520963,-116.963152,32.519359,1.75,INCREMENTO,1,,,
6,2,2,17.74083333,6.15,1913,-116.915792,32.49075,-116.90049,32.491717,-2.016666667,DP,2,,,
3,2,2,19.74527778,18.43333333,7587,-116.929895,32.462813,-116.959148,32.507784,-1.433333333,INCREMENTO,1,,,
6,2,2,21.78555556,9.566666667,3060,-116.90603,32.529173,-116.892653,32.538127,-3.266666667,DP,2,,,
5,2,2,21.82,11.88333333,3220,-116.943974,32.484389,-116.962904,32.462784,-6.866666667,DP,2,,,
6,2,2,22.86638889,14.2,2387,-116.963863,32.506873,-116.960492,32.493083,-8.266666667,DM,3,,,
