No UNIDAD,DIA,MES,HORA SALIDA,TIEMPO DE VIAJE,DISTANCIA METROS,LONGITUD SALIDA,LATITUD SALIDA,LONGITUD LLEGADA,LATITUD LLEGADA,DT,SALIDA,SALIDA2
4,3,3,1.833333333,0.761666667,181.1,-116.850033,32.504492,-116.849627,32.505985,1.238333333,INCREMENTO,1
2,3,3,8.05,17.50666667,8552.3,-116.885263,32.448297,-116.949348,32.459438,-3.506666667,DP,2
6,3,3,11.61666667,19.43666667,10347.7,-116.933495,32.546418,-116.987268,32.513225,-5.436666667,DP,2
2,3,3,13.7,10.12833333,5100.5,-116.845132,32.469928,-116.885118,32.4481,2.871666667,INCREMENTO,1
5,3,3,14.6,6.28,4650.7,-117.005458,32.520328,-116.964061,32.506773,-0.28,INCREMENTO,1
4,3,3,15.58333333,7.973333333,6126.7,-116.82699,32.456633,-116.885123,32.44809,5.026666667,INCREMENTO,1
5,3,3,16,12.98,4695.6,-116.964894,32.501546,-116.956299,32.4819,-0.98,INCREMENTO,1
6,3,3,16.36666667,2.253333333,731,-116.924167,32.54658,-116.921078,32.548878,1.746666667,INCREMENTO,1
4,3,3,16.41666667,17.215,6997.5,-116.945623,32.502855,-116.948288,32.467455,0.785,INCREMENTO,1
5,3,3,16.83333333,10.145,3470.1,-116.931772,32.483215,-116.948838,32.481384,13.855,INCREMENTO,1
6,3,3,17.31666667,20.99666667,12419.9,-117.010032,32.52549,-116.917353,32.496427,1.003333333,INCREMENTO,1
2,3,3,19.1,1.508333333,193.9,-117.01014,32.525495,-117.009847,32.526502,0.491666667,INCREMENTO,1
2,3,3,21.3,6.206666667,2008.1,-116.985543,32.507775,-116.970722,32.501335,0.793333333,INCREMENTO,1
6,3,3,22.5,13.935,9140.6,-116.89968,32.529382,-116.969715,32.508327,-4.935,DP,2
4,4,3,8.05,2.683333333,1836.2,-116.86831,32.44375,-116.886323,32.444742,0.316666667,INCREMENTO,1
6,4,3,9,1.218333333,339.4,-116.983978,32.516995,-116.984587,32.519643,-0.218333333,INCREMENTO,1
4,4,3,9.2,15.54166667,16067.4,-116.884908,32.448672,-117.01005,32.525512,0.458333333,INCREMENTO,1
5,4,3,12.1,24.54333333,13790.3,-117.004501,32.458975,-117.010015,32.52545,-10.54333333,DM,3
6,4,3,14.61666667,7.518333333,2191.3,-116.919643,32.500345,-116.926435,32.488472,-3.518333333,DP,2
5,4,3,14.71666667,2.183333333,738.3,-116.972014,32.502553,-116.974237,32.506598,3.816666667,INCREMENTO,1
6,4,3,15.8,10.56333333,4955,-116.963917,32.506935,-116.924355,32.504895,-2.563333333,DP,2
5,4,3,15.86666667,8.078333333,3621.6,-116.963216,32.515194,-116.985633,32.521263,-1.078333333,INCREMENTO,1
6,4,3,16.88333333,11.80333333,5172.4,-116.964763,32.506407,-116.993498,32.486995,-0.803333333,INCREMENTO,1
4,4,3,19.1,0.753333333,436.5,-116.891998,32.456418,-116.88887,32.453615,2.246666667,INCREMENTO,1
5,4,3,21.66666667,12.915,3673,-116.965296,32.505995,-116.988519,32.515455,-7.915,DM,3
5,4,3,22.91666667,5.225,1996.9,-116.927746,32.490141,-116.926806,32.476209,-1.225,INCREMENTO,1
6,5,3,0.7,11.74,6411.7,-117.010072,32.525513,-116.963938,32.506953,-2.74,DP,2
2,5,3,13.01666667,9.015,4481.8,-116.937298,32.491457,-116.963948,32.506857,-1.015,INCREMENTO,1
4,5,3,13.41666667,4.36,1520.4,-116.872798,32.484623,-116.868528,32.494258,1.64,INCREMENTO,1
5,5,3,15.5,22.74,7545,-116.965428,32.461339,-116.917886,32.499297,-9.74,DM,3
5,5,3,16.01666667,2.316666667,934.8,-116.927523,32.48467,-116.926218,32.476333,-0.316666667,INCREMENTO,1
2,5,3,16.38333333,4.67,1472.9,-116.633032,32.557423,-116.626177,32.564103,0.33,INCREMENTO,1
6,5,3,16.56666667,3.265,2038,-116.993435,32.517603,-117.010112,32.525522,-0.265,INCREMENTO,1
6,5,3,17.58333333,10.41666667,4770.7,-116.98731,32.513087,-116.969463,32.518,-3.416666667,DP,2
2,5,3,17.58333333,21.04666667,14815.2,-116.873645,32.460402,-116.963967,32.506917,-7.046666667,DM,3
6,5,3,18.48333333,10.77833333,4365.9,-116.96612,32.498782,-116.932243,32.494073,2.221666667,INCREMENTO,1
6,5,3,20.26666667,20.24333333,13228.6,-116.858252,32.542302,-116.914113,32.498512,-4.243333333,DP,2
4,5,3,20.63333333,13.8,6756.8,-117.01004,32.525605,-116.969702,32.50834,-2.8,DP,2
6,5,3,21.36666667,2.32,744.9,-116.963953,32.50691,-116.96974,32.508318,0.68,INCREMENTO,1
6,5,3,22.35,8.215,3223.7,-116.948613,32.511735,-116.963998,32.50681,-1.215,INCREMENTO,1
7,6,3,9.566666667,2.408333333,563.3,-117.02794,32.530098,-117.029462,32.526269,-0.408333333,INCREMENTO,1
7,6,3,11.6,1.78,475.3,-117.023257,32.525304,-117.028121,32.524866,0.22,INCREMENTO,1
4,6,3,13.46666667,4.088333333,1260.3,-116.893033,32.458032,-116.880567,32.461485,-1.088333333,INCREMENTO,1
5,6,3,14.78333333,5.665,2118.3,-116.945871,32.518726,-116.963654,32.515441,1.335,INCREMENTO,1
2,6,3,14.78333333,0.801666667,294.1,-116.84665,32.469417,-116.849458,32.468342,0.198333333,INCREMENTO,1
4,6,3,16.28333333,23.53833333,24061.7,-116.63701,32.564567,-116.815602,32.461822,2.461666667,INCREMENTO,1
5,6,3,17.05,5.623333333,1047.3,-116.963406,32.50384,-116.964044,32.506849,13.37666667,INCREMENTO,1
5,6,3,17.25,9.101666667,3430.5,-116.968223,32.497272,-116.964044,32.506849,-2.101666667,DP,2
5,6,3,18.91666667,21.105,7984.9,-116.994299,32.486602,-117.025639,32.528916,9.895,INCREMENTO,1
7,6,3,20.43333333,8.571666667,2239.6,-117.035283,32.528295,-117.049458,32.53169,-3.571666667,DP,2
5,6,3,21.18333333,19.65666667,7599.3,-117.014983,32.473945,-117.01002,32.525531,-8.656666667,DM,3
2,6,3,21.36666667,8.303333333,1903.8,-116.879438,32.461573,-116.87377,32.462362,0.696666667,INCREMENTO,1
5,6,3,21.7,9.438333333,5801.7,-117.007453,32.523826,-116.964255,32.507027,-0.438333333,INCREMENTO,1
7,6,3,22.01666667,8.308333333,3298.7,-117.049004,32.482756,-117.077511,32.481715,2.691666667,INCREMENTO,1
7,6,3,22.11666667,2.401666667,393.7,-117.077889,32.481073,-117.077511,32.481715,2.598333333,INCREMENTO,1
4,6,3,22.53333333,20.43166667,13956.8,-116.885255,32.448243,-116.86634,32.504637,-6.431666667,DP,2
7,6,3,22.78333333,4.743333333,1498,-117.013941,32.525599,-117.010134,32.525513,-0.743333333,INCREMENTO,1
2,7,3,1.9,14.59833333,7465,-116.885158,32.44815,-116.941333,32.458173,8.401666667,INCREMENTO,1
4,7,3,2.366666667,33.12,22663,-117.010752,32.525833,-116.838588,32.474928,-0.12,INCREMENTO,1
6,7,3,9.833333333,2.84,990.1,-116.97885,32.503805,-116.970722,32.501297,-0.84,INCREMENTO,1
3,7,3,11.83333333,10.77,2392.1,-116.894842,32.50162,-116.894603,32.519657,-5.77,DP,2
4,7,3,11.8,3.706666667,1643.9,-116.885292,32.448257,-116.869888,32.444145,-0.706666667,INCREMENTO,1
5,7,3,12.71666667,9.148333333,4132.3,-116.967332,32.506747,-117.005828,32.513872,-3.148333333,DP,2
6,7,3,14.4,6.936666667,1851.6,-116.956508,32.475147,-116.947778,32.486813,1.063333333,INCREMENTO,1
4,7,3,14.93333333,9.291666667,4162.9,-116.965945,32.509035,-116.933857,32.497577,-2.291666667,DP,2
1,7,3,15.7,22.60833333,20405.1,-116.868882,32.443913,-116.738297,32.514221,-6.608333333,DM,3
7,7,3,16.2,19.68833333,7658,-117.015315,32.473461,-117.010103,32.525506,-9.688333333,DM,3
5,7,3,17.1,15.715,7287.4,-116.96402,32.506814,-116.987366,32.469615,-2.715,DP,2
3,7,3,17.91666667,13.67666667,6916.7,-116.864234,32.470684,-116.861443,32.495801,-10.67666667,DM,3
5,7,3,18.81666667,5.891666667,2047.6,-116.947609,32.54202,-116.93512,32.543991,-1.891666667,DP,2
6,7,3,19.35,0.455,103.7,-117.008693,32.533415,-117.00846,32.53396,0.545,INCREMENTO,1
5,7,3,19.85,6.836666667,1971.9,-116.965586,32.505647,-116.96576,32.497532,-0.836666667,INCREMENTO,1
5,7,3,20.15,11.62333333,2655,-116.966529,32.496624,-116.964157,32.506738,-3.623333333,DP,2
3,7,3,20.48333333,9.91,8490.5,-116.94308,32.495018,-116.885131,32.447874,-0.91,INCREMENTO,1
2,7,3,20.91666667,29.60333333,13648,-116.9238,32.440195,-116.969852,32.508258,-7.603333333,DM,3
5,7,3,23.61666667,2.3,539.5,-116.976267,32.482953,-116.972694,32.482211,2.7,INCREMENTO,1
4,1,3,1.183333333,22.915,10226.3,-116.932673,32.375627,-116.965035,32.425328,6.085,INCREMENTO,1
1,1,3,3,3.63,2588.5,-116.91504,32.460414,-116.926392,32.476348,0.37,INCREMENTO,1
1,1,3,8.133333333,0.836666667,436.5,-116.874349,32.457952,-116.873545,32.461694,0.163333333,INCREMENTO,1
1,1,3,9.25,9.61,4394.6,-116.875081,32.451159,-116.847008,32.472923,1.39,INCREMENTO,1
2,1,3,9.4,1.173333333,452.5,-116.926043,32.475055,-116.922805,32.476192,-0.173333333,INCREMENTO,1
7,1,3,11.06666667,29.185,20165.3,-117.074402,32.481608,-117.010116,32.525515,-11.185,DM,3
4,1,3,11.48333333,4.725,3812.3,-116.918347,32.461352,-116.885457,32.44922,-1.725,INCREMENTO,1
4,1,3,12.66666667,10.33666667,4942.7,-116.865198,32.45425,-116.850497,32.486727,-3.336666667,DP,2
3,1,3,13.25,21.03333333,9673.1,-116.774253,32.489127,-116.756158,32.5247,10.96666667,INCREMENTO,1
5,1,3,13.51666667,0.991666667,867.6,-117.021406,32.462054,-117.022158,32.454899,3.008333333,INCREMENTO,1
4,1,3,14.15,3.838333333,1583.4,-116.880203,32.459293,-116.885115,32.448135,3.161666667,INCREMENTO,1
6,1,3,14.31666667,8.063333333,4666.3,-116.97511,32.51621,-117.008192,32.517587,-0.063333333,INCREMENTO,1
6,1,3,14.81666667,6.076666667,3651.8,-117.002105,32.518118,-116.967075,32.509878,2.923333333,INCREMENTO,1
6,1,3,15.66666667,14.83166667,8015.9,-117.010518,32.471852,-116.961912,32.502775,-2.831666667,DP,2
3,1,3,15.91666667,1.143333333,277,-116.874423,32.466508,-116.87416,32.466474,5.856666667,INCREMENTO,1
5,1,3,16.01666667,14.24166667,3969.9,-116.899819,32.528344,-116.885021,32.543153,-5.241666667,DP,2
6,1,3,16.36666667,6.076666667,2007.7,-117.000705,32.460368,-117.015407,32.467558,-0.076666667,INCREMENTO,1
5,1,3,17.96666667,12.31166667,3990.7,-116.964509,32.502086,-116.944907,32.516797,-5.311666667,DP,2
5,1,3,19.65,21.85666667,7985.7,-117.034853,32.524233,-116.965837,32.49886,-1.856666667,INCREMENTO,1
1,1,3,21.06666667,1.42,219.4,-116.886233,32.455867,-116.885337,32.456596,0.58,INCREMENTO,1
3,1,3,21.31666667,0.501666667,111,-116.964246,32.506949,-116.963352,32.506973,0.498333333,INCREMENTO,1
4,1,3,22.15,6.466666667,4961.5,-116.926415,32.476263,-116.957678,32.50673,-2.466666667,DP,2
3,1,3,22.71666667,0.641666667,193.2,-116.879379,32.524763,-116.880361,32.525449,6.358333333,INCREMENTO,1
3,1,3,23.36666667,22.48833333,10457.7,-116.925187,32.474987,-116.857697,32.493744,-2.488333333,DP,2
4,2,3,6.566666667,3.488333333,1451.3,-116.884918,32.447937,-116.885015,32.448022,-3.488333333,DP,2
7,2,3,6.833333333,5.183333333,1451.1,-117.021094,32.515631,-117.028264,32.524901,-0.183333333,INCREMENTO,1
1,2,3,8.1,2.01,683.9,-116.925971,32.475922,-116.921529,32.476775,-0.01,INCREMENTO,1
7,2,3,9.6,8.568333333,5282.6,-117.019796,32.467487,-117.042758,32.438514,-1.568333333,INCREMENTO,1
2,2,3,9.833333333,8.323333333,7572.1,-116.937132,32.489167,-116.885112,32.44808,-2.323333333,DP,2
5,2,3,10.2,10.30666667,5185.9,-116.962339,32.508533,-116.921312,32.48651,-4.306666667,DP,2
7,2,3,10.66666667,22.035,11629.5,-117.032777,32.444846,-117.083257,32.47997,-5.035,DP,2
2,2,3,10.93333333,31.785,14289.8,-116.885215,32.448165,-116.776795,32.517978,-11.785,DM,3
5,2,3,10.93333333,9.216666667,4506.8,-116.901261,32.534017,-116.9164,32.538,-3.216666667,DP,2
5,2,3,12.08333333,2.718333333,559,-116.96982,32.511562,-116.974673,32.511976,1.281666667,INCREMENTO,1
7,2,3,12.38333333,26.04166667,13557.1,-117.078982,32.479902,-116.965138,32.498013,-11.04166667,DM,3
3,2,3,12.76666667,14.805,11501,-116.963866,32.507229,-116.885349,32.448223,-4.805,DP,2
2,2,3,13.23333333,1.753333333,166.3,-116.894787,32.458388,-116.893092,32.458675,-0.753333333,INCREMENTO,1
1,2,3,13.41666667,1.966666667,497.4,-116.969836,32.511469,-116.965812,32.508686,0.033333333,INCREMENTO,1
5,2,3,13.6,2.493333333,232.5,-116.990669,32.515841,-116.988724,32.515404,-1.493333333,INCREMENTO,1
7,2,3,13.73333333,10.12333333,6046.1,-117.015474,32.478297,-117.035893,32.443437,0.876666667,INCREMENTO,1
3,2,3,14.51666667,33.82,24381.8,-116.834294,32.493174,-116.962528,32.506932,-10.82,DM,3
7,2,3,14.86666667,22.88666667,10999.4,-117.030474,32.444428,-117.072586,32.478968,-10.88666667,DM,3
10,2,3,15,6.83,6108.3,-116.954853,32.504642,-117.010122,32.525447,0.17,INCREMENTO,1
5,2,3,17.56666667,16.29166667,8235.9,-116.961727,32.505617,-116.982148,32.460169,-1.291666667,INCREMENTO,1
5,2,3,19.83333333,0.496666667,251.1,-116.984066,32.508661,-116.981651,32.507767,0.503333333,INCREMENTO,1
4,2,3,20.46666667,13.795,6756.4,-117.009997,32.525572,-116.969693,32.50836,-2.795,DP,2
2,2,3,21.31666667,13.36166667,11028.5,-116.963968,32.507117,-116.885075,32.448092,-3.361666667,DP,2
4,2,3,22.68333333,7.285,2484,-116.63231,32.557443,-116.641712,32.563258,-0.285,INCREMENTO,1
1,3,3,0.016666667,13.16333333,13055.2,-116.984645,32.515624,-116.885087,32.448802,-2.163333333,DP,2
5,3,3,0.233333333,5.241666667,1801.5,-116.958434,32.507398,-116.963954,32.506926,-2.241666667,DP,2
10,3,3,0.983333333,10.64166667,2877.6,-116.985178,32.50584,-116.964148,32.506742,-5.641666667,DP,2
7,3,3,8.3,1.126666667,214.5,-117.027092,32.518765,-117.027316,32.520684,-0.126666667,INCREMENTO,1
10,3,3,8.35,8.36,5922.1,-116.963948,32.507035,-116.925485,32.521265,-2.36,DP,2
1,3,3,12.93333333,15.09666667,11567.6,-116.962735,32.508376,-116.891833,32.45656,48.90333333,INCREMENTO,1
5,3,3,13.66666667,8.986666667,9519.3,-116.888825,32.454009,-116.956858,32.506261,0.013333333,INCREMENTO,1
3,3,3,13.53333333,6.351666667,2543.2,-116.886017,32.501635,-116.868701,32.494196,57.64833333,INCREMENTO,1
5,3,3,15.15,5.765,4865.3,-116.925948,32.474515,-116.957068,32.506354,0.235,INCREMENTO,1
10,3,3,18.25,5.985,1891.8,-116.948298,32.502985,-116.953137,32.49053,-1.985,DP,2
3,3,3,19.08333333,11.19333333,4467.5,-116.869878,32.495156,-116.908614,32.499707,-4.193333333,DP,2
10,3,3,19.11666667,12.06,4747.7,-116.927242,32.50971,-116.926312,32.476377,-4.06,DP,2
1,3,3,19.11666667,2.48,1008.6,-116.890682,32.455734,-116.885134,32.448148,0.52,INCREMENTO,1
5,3,3,19.48333333,7.868333333,3131.5,-116.966477,32.499534,-116.964024,32.506826,-0.868333333,INCREMENTO,1
3,3,3,19.53333333,3.228333333,1467.1,-116.958079,32.500169,-116.969808,32.508445,-0.228333333,INCREMENTO,1
10,3,3,20.15,3.16,836.4,-116.977403,32.497375,-116.98468,32.495538,2.84,INCREMENTO,1
5,3,3,21.16666667,12.07166667,3109.8,-116.884594,32.55196,-116.905177,32.543979,-3.071666667,DP,2
5,3,3,22.21666667,6.441666667,4771.6,-116.962127,32.50833,-116.953599,32.531941,-0.441666667,INCREMENTO,1
4,4,3,0.666666667,36.185,28552.4,-116.954857,32.39461,-116.926307,32.476398,-10.185,DM,3
10,4,3,0.766666667,13.15,1561.3,-116.970767,32.490037,-116.96588,32.498773,-8.15,DM,3
5,4,3,1.383333333,2.795,402.7,-116.964072,32.504585,-116.964102,32.506733,-0.795,INCREMENTO,1
3,4,3,8.183333333,3.76,975.8,-116.865066,32.503467,-116.866106,32.509523,1.24,INCREMENTO,1
7,4,3,10.21666667,20.60666667,10620,-117.026586,32.443038,-117.078139,32.48527,-9.606666667,DM,3
5,4,3,10.31666667,0.975,217.2,-116.964628,32.495259,-116.963526,32.496937,0.025,INCREMENTO,1
4,4,3,11.3,6.873333333,2042.5,-116.870037,32.45207,-116.880698,32.460773,-1.873333333,DP,2
10,4,3,11.73333333,6.271666667,1653,-116.964012,32.506762,-116.97184,32.502142,-3.271666667,DP,2
4,4,3,12.56666667,14.175,7462,-116.831413,32.46641,-116.885247,32.448188,1.825,INCREMENTO,1
2,4,3,14.53333333,5.201666667,2424.1,-116.887922,32.460275,-116.885142,32.448147,-0.201666667,INCREMENTO,1
10,4,3,14.6,28.965,11352.9,-116.930987,32.544305,-116.965898,32.498768,-10.965,DM,3
10,4,3,16.33333333,19.18166667,10594.3,-116.966313,32.481022,-117.010068,32.52556,-6.181666667,DP,2
5,4,3,16.7,2.545,1062.1,-116.969078,32.513287,-116.963958,32.506905,0.455,INCREMENTO,1
10,4,3,17.06666667,3.995,1329.1,-116.995603,32.539255,-116.988592,32.539998,-0.995,INCREMENTO,1
2,4,3,18.31666667,12.84833333,9147.6,-116.885273,32.448285,-116.842415,32.456202,-2.848333333,DP,2
7,4,3,18.78333333,2.996666667,713.5,-117.031486,32.528561,-117.02825,32.524796,-0.996666667,INCREMENTO,1
5,4,3,19.43333333,10.80333333,4918,-116.965457,32.505791,-116.985861,32.519779,-6.803333333,DM,3
4,4,3,20.05,4.103333333,1756.1,-116.880227,32.461057,-116.885072,32.448102,1.896666667,INCREMENTO,1
5,4,3,21.9,12.90833333,3199.3,-117.022421,32.524888,-117.042861,32.512175,-2.908333333,DP,2
10,4,3,22.25,5.578333333,1848,-116.963935,32.506855,-116.978358,32.505878,-0.578333333,INCREMENTO,1
7,5,3,0.3,21.60333333,13134.4,-117.065732,32.517918,-117.010087,32.525548,-9.603333333,DM,3
7,5,3,2.9,21.39166667,12161.2,-116.964169,32.502487,-117.024738,32.450689,-4.391666667,DP,2
5,5,3,9.983333333,0.863333333,287.8,-116.976696,32.513077,-116.979731,32.513418,0.136666667,INCREMENTO,1
3,5,3,10.28333333,1.601666667,274.8,-116.923478,32.485389,-116.923649,32.485557,-0.601666667,INCREMENTO,1
7,5,3,11.58333333,15.74833333,6487.4,-117.036627,32.442003,-116.992238,32.445577,-6.748333333,DM,3
10,5,3,13.56666667,2.938333333,778.5,-116.957907,32.466608,-116.96271,32.461835,-0.938333333,INCREMENTO,1
5,5,3,13.96666667,2.31,806,-116.94344,32.489506,-116.949956,32.494228,-0.31,INCREMENTO,1
10,5,3,14.9,10.95,3539.3,-116.9173,32.496417,-116.926272,32.474885,17.05,INCREMENTO,1
7,5,3,15.7,1.203333333,677.1,-117.026088,32.44332,-117.032847,32.444944,-0.203333333,INCREMENTO,1
10,5,3,16.05,1.948333333,448.1,-116.933802,32.543912,-116.930285,32.545068,0.051666667,INCREMENTO,1
7,5,3,18.68333333,8.925,7743.3,-116.935245,32.486204,-116.87999,32.446422,3.075,INCREMENTO,1
4,5,3,19.01666667,7.896666667,6481.6,-116.883108,32.446615,-116.926425,32.476338,0.103333333,INCREMENTO,1
1,5,3,19.05,26.49833333,26624.7,-116.872984,32.431845,-117.010054,32.525492,-5.498333333,DP,2
5,5,3,19.2,25.32,12769.9,-116.966651,32.465356,-117.009983,32.525503,-3.32,DP,2
1,5,3,19.8,15.04666667,11030.9,-117.009134,32.521878,-116.933397,32.470692,11.95333333,INCREMENTO,1
2,5,3,19.88333333,40.7,28432.6,-116.730083,32.40139,-116.926373,32.476348,-9.7,DM,3
7,5,3,22.26666667,25.82,13155.9,-116.965171,32.506018,-117.067528,32.483587,-10.82,DM,3
7,5,3,22.95,3.405,766.6,-117.036793,32.498716,-117.035513,32.504214,-0.405,INCREMENTO,1
10,6,3,1.616666667,23.33333333,12462.5,-116.972347,32.465618,-117.010105,32.525585,-11.33333333,DM,3
1,6,3,8.916666667,7.035,2503.3,-116.945614,32.443974,-116.927832,32.459711,-0.035,INCREMENTO,1
2,6,3,14.55,4.178333333,2597.7,-116.905363,32.462083,-116.885132,32.448132,-0.178333333,INCREMENTO,1
10,6,3,14.95,6.921666667,2550.2,-116.961978,32.511362,-116.964022,32.50675,-2.921666667,DP,2
5,6,3,15.7,0.731666667,122,-116.973586,32.468137,-116.973931,32.467079,0.268333333,INCREMENTO,1
10,6,3,16.05,17.72166667,5724.3,-116.96453,32.506672,-116.954962,32.472605,-5.721666667,DP,2
5,6,3,16.18333333,10.73166667,8124.8,-116.949736,32.496682,-117.010153,32.525534,-3.731666667,DP,2
6,6,3,17.21666667,11.11,4438.9,-117.00079,32.519127,-117.031508,32.522507,-4.11,DP,2
10,6,3,17.66666667,0.376666667,188.5,-116.967372,32.506583,-116.965777,32.505547,0.623333333,INCREMENTO,1
6,6,3,18.25,13.12,5776,-116.963962,32.506962,-116.918115,32.4905,-3.12,DP,2
7,6,3,19.45,22.86,11883,-117.027394,32.523718,-117.040033,32.437746,1.14,INCREMENTO,1
10,6,3,19.55,2.135,808,-116.966957,32.511865,-116.964032,32.506848,-0.135,INCREMENTO,1
10,6,3,21.9,12.23166667,6741.6,-117.007182,32.524002,-116.964152,32.506792,-4.231666667,DP,2
10,6,3,9.933333333,18.63833333,5648.5,-116.965332,32.505158,-116.954795,32.46742,-11.63833333,DM,3
5,6,3,22.18333333,4.583333333,1085.4,-116.934999,32.485477,-116.942165,32.48857,-0.583333333,INCREMENTO,1
6,6,3,22.63333333,3.395,814.8,-117.011813,32.516187,-117.017925,32.514902,-1.395,INCREMENTO,1
7,7,3,0.516666667,9.75,5777.5,-117.016273,32.469054,-117.042721,32.438493,-2.75,DP,2
7,7,3,1.666666667,19.48,12779.1,-117.040498,32.436261,-117.056798,32.511064,-7.48,DM,3
6,7,3,4.25,11.92666667,5546,-116.964022,32.506757,-116.920613,32.486472,-4.926666667,DP,2
3,7,3,4.566666667,17.51,7234,-116.872652,32.500829,-116.888788,32.465401,2.49,INCREMENTO,1
5,7,3,5.366666667,9.265,3862.1,-116.987729,32.479525,-116.995385,32.491995,1.735,INCREMENTO,1
10,7,3,5.416666667,12.79666667,7401.7,-116.962238,32.508458,-116.97554,32.524727,-2.796666667,DP,2
2,7,3,5.633333333,8.37,3295.9,-116.885283,32.448293,-116.870305,32.45851,-1.37,INCREMENTO,1
1,7,3,6.8,10.66833333,10096.1,-116.861069,32.443579,-116.850859,32.485786,-3.668333333,DP,2
4,7,3,7.2,9.331666667,3622.9,-116.88526,32.448298,-116.909307,32.44734,-0.331666667,INCREMENTO,1
2,7,3,7.316666667,11.70333333,4132.8,-116.88509,32.448122,-116.8625,32.46218,-1.703333333,INCREMENTO,1
5,7,3,7.416666667,20.82666667,10866.6,-116.960534,32.505855,-116.901153,32.548127,-7.826666667,DM,3
6,7,3,7.4,16.80166667,8994.6,-116.964215,32.506587,-116.920752,32.545867,-0.801666667,INCREMENTO,1
3,7,3,8.1,10.745,8896.5,-116.840238,32.458028,-116.897745,32.419452,10.255,INCREMENTO,1
4,7,3,8.1,11.945,5457.2,-116.885103,32.448155,-116.846075,32.47118,-1.945,DP,2
5,7,3,8.866666667,11.36666667,6876.1,-116.959923,32.506403,-116.932372,32.543163,-1.366666667,INCREMENTO,1
6,7,3,10.6,18.37333333,6982.1,-116.93897,32.534375,-116.896592,32.525133,-8.373333333,DM,3
5,7,3,10.81666667,14.25166667,4186.8,-116.965618,32.505562,-116.9818,32.474348,-4.251666667,DP,2
5,7,3,11.4,0.845,213.6,-116.979797,32.475395,-116.979377,32.476946,1.155,INCREMENTO,1
2,7,3,11.88333333,26.125,11459.9,-116.885293,32.44821,-116.964655,32.42349,-8.125,DM,3
6,7,3,11.95,11.77833333,5438.6,-116.963923,32.50697,-116.922303,32.491387,-1.778333333,INCREMENTO,1
10,7,3,12,3.016666667,647.4,-116.965405,32.50516,-116.96575,32.500657,0.983333333,INCREMENTO,1
7,7,3,12.71666667,25.395,11860.3,-117.037966,32.441901,-117.072541,32.478943,-12.395,DM,3
10,7,3,13.2,17.08833333,8551.2,-116.963982,32.50699,-116.925352,32.547137,-0.088333333,INCREMENTO,1
7,7,3,13.66666667,8.213333333,5770.1,-117.037119,32.46569,-117.032436,32.474597,-1.213333333,INCREMENTO,1
10,7,3,14.2,21.70333333,6866.3,-116.964745,32.506408,-116.97243,32.46404,-10.70333333,DM,3
5,7,3,15.23333333,15.59666667,6059.9,-116.970073,32.495018,-116.995754,32.467997,-2.596666667,DP,2
1,7,3,16.76666667,11.57,6930.2,-116.878828,32.446539,-116.82035,32.467356,-4.57,DP,2
5,7,3,16.86666667,9.788333333,8338,-116.969832,32.511491,-116.901469,32.52758,-2.788333333,DP,2
4,7,3,16.93333333,27.78166667,22082.4,-116.885118,32.44809,-116.740107,32.50942,-8.781666667,DM,3
3,7,3,17.25,5.19,1720.2,-116.87391,32.500783,-116.872446,32.492196,47.81,INCREMENTO,1
5,7,3,17.93333333,11.22666667,3150,-116.965583,32.505229,-116.977577,32.481675,-5.226666667,DP,2
10,7,3,18.25,13.135,7552.1,-116.926098,32.475903,-116.957073,32.5043,-3.135,DP,2
2,7,3,18.5,23.36166667,10200.1,-116.885267,32.44826,-116.94535,32.430812,-8.361666667,DM,3
1,7,3,18.56666667,18.06166667,7375.9,-116.897354,32.456179,-116.956407,32.462702,-0.061666667,INCREMENTO,1
6,7,3,18.5,34.95,12888.5,-116.95251,32.533698,-116.956427,32.462807,-12.95,DM,3
2,7,3,19.26666667,23.26333333,16151.1,-116.924977,32.462572,-116.782532,32.465678,-4.263333333,DP,2
6,7,3,19.9,13.45833333,4790.6,-116.963913,32.506975,-116.980932,32.481832,-0.458333333,INCREMENTO,1
5,7,3,20.05,13.505,7604.4,-116.962661,32.508497,-116.931452,32.540491,-3.505,DP,2
10,7,3,20.51666667,21.60166667,8164.3,-116.99352,32.477595,-116.991507,32.426633,-3.601666667,DP,2
2,7,3,20.6,11.10666667,4564.4,-116.885153,32.448117,-116.873423,32.46625,-5.106666667,DP,2
6,7,3,21.46666667,1.203333333,304.7,-116.970035,32.508417,-116.97274,32.509287,0.796666667,INCREMENTO,1
10,7,3,22.26666667,25.90833333,10874.2,-116.963958,32.506927,-116.97705,32.44169,-8.908333333,DM,3
4,7,3,22.3,7.63,4261.7,-116.885097,32.448117,-116.846163,32.465695,2.37,INCREMENTO,1
2,1,3,0.266666667,10.20666667,3723,-116.873623,32.468042,-116.857697,32.492288,0.793333333,INCREMENTO,1
6,1,3,2.616666667,9.758333333,4179,-116.963918,32.506932,-116.989992,32.480875,-4.758333333,DP,2
5,1,3,6.766666667,9.673333333,5199.7,-116.965556,32.505583,-116.999717,32.473409,-3.673333333,DP,2
10,1,3,6.85,5.871666667,2967.1,-116.963002,32.508065,-116.952322,32.519833,-0.871666667,INCREMENTO,1
7,1,3,7.083333333,26.79666667,10957.9,-117.033918,32.505296,-117.102246,32.466432,-11.79666667,DM,3
5,1,3,7.216666667,25.85166667,13406.5,-116.958854,32.50074,-116.886967,32.550786,-6.851666667,DM,3
6,1,3,7.65,21.305,7417.2,-116.964098,32.506778,-116.962355,32.462468,-9.305,DM,3
7,1,3,7.583333333,15.31333333,8153.4,-117.068238,32.483445,-117.066938,32.509627,-6.313333333,DP,2
4,1,3,7.666666667,19.49333333,17353.9,-116.885202,32.448365,-116.937962,32.390238,1.506666667,INCREMENTO,1
1,1,3,8.466666667,12.92,4508.2,-116.888,32.452894,-116.870489,32.463515,-5.92,DP,2
10,1,3,10,15.07166667,5082.3,-117.007877,32.523665,-117.042385,32.531387,-6.071666667,DP,2
4,1,3,10.13333333,10.25833333,7657.7,-116.869235,32.443838,-116.854448,32.475545,-2.258333333,DP,2
10,1,3,10.7,15.705,11085.5,-117.026548,32.53386,-116.933707,32.495755,-5.705,DP,2
5,1,3,11.03333333,7.505,1528.1,-116.965818,32.505573,-116.959397,32.496112,-4.505,DP,2
7,1,3,11.3,7.743333333,2363.5,-117.045184,32.520658,-117.055584,32.51068,-3.743333333,DP,2
2,1,3,11.5,8.91,6868.5,-116.885298,32.448297,-116.922918,32.481032,-3.91,DP,2
5,1,3,11.7,6.051666667,4081.2,-116.965696,32.500716,-116.996482,32.475927,-2.051666667,DP,2
5,1,3,12.33333333,5.17,1829.6,-116.965545,32.505668,-116.971938,32.502373,-2.17,DP,2
1,1,3,12.63333333,4.188333333,295,-116.892783,32.457066,-116.893366,32.45891,-3.188333333,DP,2
2,1,3,12.65,11.05666667,4554.4,-116.885133,32.448157,-116.873362,32.46623,-4.056666667,DP,2
4,1,3,12.8,24.79833333,17753.8,-116.8853,32.448265,-116.955757,32.393997,-4.798333333,DP,2
1,1,3,12.81666667,11.31333333,8275.3,-116.895899,32.457753,-116.890446,32.462415,-4.313333333,DP,2
5,1,3,13.6,27.04333333,9899.8,-116.930534,32.538444,-116.955507,32.480712,-7.043333333,DM,3
6,1,3,13.83333333,16.68833333,9067.8,-116.96399,32.506877,-116.926843,32.529177,-5.688333333,DP,2
5,1,3,14.2,12.90666667,3873,-116.953393,32.48301,-116.963969,32.506818,-3.906666667,DP,2
5,1,3,14.8,6.541666667,2596.9,-116.968223,32.497346,-116.950056,32.498241,-0.541666667,INCREMENTO,1
10,1,3,15.1,8.296666667,3628,-116.961287,32.50776,-116.933873,32.493353,0.703333333,INCREMENTO,1
1,1,3,15.36666667,19.49666667,7283.7,-116.870376,32.453723,-116.861878,32.497635,-12.49666667,DM,3
4,1,3,15.4,17.135,13150.7,-116.885195,32.448208,-116.86422,32.498575,-7.135,DM,3
6,1,3,15.75,11.53666667,3699.5,-116.963953,32.50695,-116.949992,32.488692,-5.536666667,DP,2
5,1,3,15.81666667,9.236666667,6254.8,-116.962556,32.508567,-116.93076,32.519098,0.763333333,INCREMENTO,1
7,1,3,16.06666667,14.02166667,7807.9,-117.042645,32.437603,-117.011186,32.488683,-7.021666667,DM,3
2,1,3,16.01666667,15.59,11528.6,-116.75965,32.453322,-116.681405,32.451287,3.41,INCREMENTO,1
10,1,3,16.18333333,18.38333333,8203.6,-116.92825,32.476827,-116.96189,32.478587,-8.383333333,DM,3
6,1,3,16.13333333,12.62,4307.4,-116.959432,32.494812,-116.978988,32.478787,-1.62,INCREMENTO,1
7,1,3,16.36666667,12.15666667,7073.8,-117.01215,32.48884,-117.040897,32.441329,-3.156666667,DP,2
4,1,3,17.01666667,17.89833333,11775.8,-116.954627,32.50294,-116.868197,32.465547,2.101666667,INCREMENTO,1
1,1,3,20.5,33.30166667,27314.9,-116.738304,32.468115,-116.960438,32.387667,5.698333333,INCREMENTO,1
7,1,3,20.63333333,25.33666667,20524,-116.964729,32.506316,-117.061403,32.496884,0.663333333,INCREMENTO,1
2,1,3,20.76666667,11.11166667,3960.4,-116.957465,32.506618,-116.941892,32.484615,-6.111666667,DP,2
4,1,3,22.75,15.17166667,9437.2,-116.885267,32.448253,-116.808593,32.473337,-0.171666667,INCREMENTO,1
5,1,3,23.51666667,21.39666667,9449.4,-116.973716,32.483115,-117.010066,32.525561,-9.396666667,DM,3
10,2,3,0.916666667,6.146666667,5123.3,-116.960955,32.507498,-116.922007,32.516163,-1.146666667,INCREMENTO,1
4,2,3,1.35,14.535,5211.2,-116.88525,32.44825,-116.847183,32.470243,-0.535,INCREMENTO,1
5,2,3,1.783333333,12.11333333,7301.9,-116.962472,32.508576,-116.931078,32.544427,-2.113333333,DP,2
9,2,3,2.216666667,7.103333333,2290.6,-116.868573,32.494262,-116.881377,32.507062,-1.103333333,INCREMENTO,1
7,2,3,2.316666667,5.735,1907.8,-117.037278,32.441207,-117.028384,32.435621,4.265,INCREMENTO,1
7,2,3,2.316666667,5.735,1907.8,-117.037278,32.441207,-117.028384,32.435621,4.265,INCREMENTO,1
7,2,3,2.316666667,5.735,1907.8,-117.037278,32.441207,-117.028384,32.435621,4.265,INCREMENTO,1
5,2,3,7.233333333,6.92,4312.7,-116.962532,32.508617,-116.984594,32.519813,-0.92,INCREMENTO,1
1,2,3,8.083333333,13.995,4466.8,-116.890983,32.456128,-116.85357,32.463903,-1.995,DP,2
10,2,3,8.45,9.588333333,4157.8,-116.964338,32.506842,-116.990083,32.480833,-3.588333333,DP,2
5,2,3,8.45,10.30166667,6690.6,-116.96105,32.50752,-116.91662,32.526187,-2.301666667,DP,2
9,2,3,8.566666667,8.375,3062.8,-116.870572,32.498852,-116.888558,32.49388,1.625,INCREMENTO,1
5,2,3,9.783333333,13.22166667,7415.5,-116.962797,32.508352,-116.973424,32.523699,-1.221666667,INCREMENTO,1
5,2,3,10.4,1.355,237.5,-117.010547,32.525763,-117.009097,32.526135,0.645,INCREMENTO,1
10,2,3,10.8,4.93,2403.9,-116.963963,32.507168,-116.944473,32.49605,-0.93,INCREMENTO,1
2,2,3,10.96666667,19.60166667,16582.9,-116.885287,32.448303,-116.934963,32.388123,-7.601666667,DM,3
5,2,3,11.91666667,17.38,10795.1,-116.960442,32.505931,-116.901168,32.547612,-5.38,DP,2
7,2,3,12.61666667,12.99666667,5776.6,-117.031974,32.524568,-117.031742,32.480209,-3.996666667,DP,2
1,2,3,12.61666667,11.045,5942.1,-116.887699,32.452463,-116.927725,32.455136,-2.045,DP,2
10,2,3,12.66666667,9.178333333,4057.2,-116.965082,32.50608,-116.990095,32.480737,-2.178333333,DP,2
5,2,3,12.78333333,17.98,10489.5,-117.000994,32.517558,-116.933633,32.547807,-2.98,DP,2
9,2,3,12.86666667,14.39,5016.1,-116.868572,32.494258,-116.82888,32.490807,-4.39,DP,2
5,2,3,13.18333333,15.26166667,5182.2,-116.935964,32.548535,-116.963201,32.518188,-2.261666667,DP,2
7,2,3,13.8,6.618333333,2008.8,-117.027325,32.524893,-117.018041,32.533032,1.381666667,INCREMENTO,1
2,2,3,13.83333333,28.04333333,12077.5,-116.88522,32.448117,-116.971752,32.425773,-3.043333333,DP,2
10,2,3,14.01666667,9.866666667,4353.4,-116.96403,32.506852,-116.93473,32.494363,-2.866666667,DP,2
7,2,3,14.23333333,6.551666667,2135.9,-117.022554,32.528142,-117.007716,32.519984,-2.551666667,DP,2
7,2,3,14.86666667,12.26333333,3696.6,-117.035981,32.526349,-117.058521,32.512055,-1.263333333,INCREMENTO,1
1,2,3,15.96666667,4.315,1311,-116.892343,32.458688,-116.878902,32.461583,-1.315,INCREMENTO,1
1,2,3,16.76666667,12.03833333,7104,-116.928763,32.478228,-116.969725,32.508306,-0.038333333,INCREMENTO,1
10,2,3,17.2,7.14,2717.8,-116.964187,32.506893,-116.9862,32.510297,8.86,INCREMENTO,1
5,2,3,17.66666667,0.25,234.2,-116.980179,32.489736,-116.977895,32.490595,0.75,INCREMENTO,1
5,2,3,18.08333333,12.68333333,4161.9,-116.956275,32.490441,-116.967367,32.462056,6.316666667,INCREMENTO,1
2,2,3,18.11666667,14.95333333,4455.1,-116.969915,32.508425,-116.950813,32.493805,-3.953333333,DP,2
10,2,3,18.35,1.671666667,456.9,-116.966495,32.499123,-116.964013,32.502562,0.328333333,INCREMENTO,1
1,2,3,18.38333333,13.12833333,8127,-116.870311,32.453103,-116.810021,32.468298,0.871666667,INCREMENTO,1
7,2,3,18.46666667,3.321666667,1236.6,-117.024188,32.521395,-117.022283,32.512318,1.678333333,INCREMENTO,1
10,2,3,18.55,1.678333333,557.7,-116.910692,32.497923,-116.905372,32.498547,-0.678333333,INCREMENTO,1
2,2,3,18.63333333,14.77166667,8481.7,-116.922072,32.464192,-116.88975,32.501152,-4.771666667,DP,2
5,2,3,18.66666667,27.335,13416.6,-116.954517,32.468012,-116.921968,32.537564,-13.335,DM,3
1,2,3,19.18333333,24.60833333,14742.2,-116.888523,32.453521,-116.861986,32.501092,-9.608333333,DM,3
10,2,3,19.25,35.86166667,28093.6,-116.930202,32.488437,-116.938713,32.545535,-17.86166667,DM,3
5,2,3,19.28333333,17.66,7706.5,-116.930728,32.533398,-116.926337,32.476399,-4.66,DP,2
10,2,3,19.4,35.25333333,10214.5,-116.908667,32.499602,-116.938713,32.545535,-26.25333333,DM,3
2,2,3,19.9,3.761666667,1104,-116.924718,32.470833,-116.917505,32.469663,0.238333333,INCREMENTO,1
10,2,3,19.96666667,20.27166667,6401.7,-116.963313,32.503407,-116.976318,32.460648,-4.271666667,DP,2
2,2,3,20.36666667,22.82166667,15234.9,-116.891872,32.456362,-116.860903,32.50462,3.178333333,INCREMENTO,1
9,2,3,20.51666667,24.74666667,14680.3,-116.96782,32.510322,-116.870097,32.493243,-4.746666667,DP,2
5,2,3,20.71666667,21.77333333,11958.5,-116.960841,32.505785,-116.874877,32.540703,-4.773333333,DP,2
1,2,3,20.71666667,8.75,3297.2,-116.936067,32.487704,-116.938058,32.464484,-2.75,DP,2
1,2,3,20.71666667,8.75,3297.2,-116.936067,32.487704,-116.938058,32.464484,-2.75,DP,2
7,2,3,21.15,25.61333333,11698.5,-117.042034,32.441287,-117.064281,32.483533,-13.61333333,DM,3
1,2,3,21.35,6.828333333,2554.4,-116.982256,32.515501,-116.97759,32.502271,-2.828333333,DP,2
10,2,3,21.5,18.93166667,12838.7,-117.072125,32.531737,-116.96543,32.505793,-5.931666667,DP,2
1,2,3,22.5,17.09666667,12235.4,-116.903704,32.454014,-116.964033,32.506842,-8.096666667,DM,3
2,2,3,22.65,11.72166667,8042,-116.885348,32.448233,-116.811877,32.463688,2.278333333,INCREMENTO,1
5,2,3,22.6,6.746666667,2513.8,-116.964048,32.506803,-116.961448,32.515727,-1.746666667,INCREMENTO,1
10,2,3,23.7,14.96333333,6680.9,-116.962907,32.508218,-116.908793,32.491812,-6.963333333,DM,3
10,3,3,1.95,21.40666667,7392.8,-116.96426,32.506885,-116.977212,32.462573,-10.40666667,DM,3
1,3,3,2.883333333,18.42833333,10874.8,-116.883555,32.446944,-116.806664,32.481546,-6.428333333,DP,2
5,3,3,4.133333333,22.42,7934.9,-116.965621,32.505594,-116.976795,32.462274,-12.42,DM,3
10,3,3,6.116666667,18.685,6134.2,-116.964712,32.504655,-116.96603,32.465163,-6.685,DM,3
9,3,3,7.166666667,6.953333333,1997.7,-116.872515,32.486798,-116.866905,32.501347,-0.953333333,INCREMENTO,1
10,3,3,7.533333333,22.70166667,8074.4,-116.964163,32.506873,-116.96886,32.457527,-10.70166667,DM,3
9,3,3,7.683333333,2.808333333,974.6,-116.870128,32.500127,-116.868482,32.494275,-0.808333333,INCREMENTO,1
2,3,3,8.383333333,20.085,8912.5,-116.88513,32.448097,-116.809717,32.482592,-0.085,INCREMENTO,1
5,3,3,8.533333333,9.258333333,4818.2,-116.96351,32.503239,-116.987247,32.511065,-3.258333333,DP,2
1,3,3,9.016666667,15.98333333,6856.9,-116.884357,32.448701,-116.868861,32.485443,-8.983333333,DM,3
2,3,3,9.2,3.28,159.6,-116.893052,32.458218,-116.893402,32.458807,-2.28,DP,2
9,3,3,9.566666667,16.97166667,6485.5,-116.937753,32.483352,-116.888137,32.498578,-6.971666667,DM,3
5,3,3,9.966666667,5.146666667,2386.8,-116.965135,32.506006,-116.979992,32.509995,13.85333333,INCREMENTO,1
9,3,3,9.95,10.06833333,4426.6,-116.870275,32.500132,-116.88227,32.480595,0.931666667,INCREMENTO,1
5,3,3,10.9,15.24333333,4763.1,-116.964748,32.504601,-116.982091,32.470465,-2.243333333,DP,2
2,3,3,11.15,15.3,9552.2,-116.969898,32.508422,-116.919523,32.455233,-2.3,DP,2
10,3,3,11.63333333,15,7413,-116.963632,32.507667,-116.936368,32.545333,-4,DP,2
5,3,3,12.35,17.41833333,6249.2,-116.962474,32.503058,-116.969357,32.475531,-4.418333333,DP,2
5,3,3,12.9,19.91,6931.3,-116.966001,32.470386,-116.966629,32.497811,-7.91,DM,3
1,3,3,14.3,11.58833333,5173.7,-116.87815,32.450701,-116.856133,32.476134,-3.588333333,DP,2
9,3,3,15.21666667,19.195,6443.7,-116.87364,32.462172,-116.898355,32.500857,-10.195,DM,3
9,3,3,16.46666667,9.856666667,3131.5,-116.890735,32.501363,-116.877848,32.51385,-1.856666667,INCREMENTO,1
4,3,3,17.13333333,17.365,11564.5,-116.885308,32.448285,-116.783148,32.465725,8.635,INCREMENTO,1
10,3,3,17.76666667,15.47833333,6757.9,-116.964067,32.507048,-117.00634,32.467662,1.521666667,INCREMENTO,1
5,3,3,17.86666667,2.751666667,634.6,-116.964114,32.507598,-116.969114,32.509563,0.248333333,INCREMENTO,1
5,3,3,18.48333333,22.26166667,11311.1,-117.009941,32.523099,-116.975547,32.469576,7.738333333,INCREMENTO,1
2,3,3,19.13333333,12.065,4845.2,-116.885262,32.448288,-116.86415,32.472408,3.935,INCREMENTO,1
10,3,3,19.2,14.305,4291.7,-116.965303,32.505803,-116.983403,32.473512,-5.305,DP,2
4,3,3,19.71666667,29.57833333,22441.4,-116.885125,32.44819,-116.744703,32.506102,-5.578333333,DP,2
1,3,3,20.18333333,10.94166667,4957,-116.878966,32.450575,-116.840675,32.473659,2.058333333,INCREMENTO,1
2,3,3,20.38333333,22.14333333,9759.9,-116.88522,32.448255,-116.94579,32.43367,-3.143333333,DP,2
4,3,3,20.55,5.761666667,3678.3,-116.833557,32.455122,-116.842672,32.475243,6.238333333,INCREMENTO,1
5,3,3,21.05,11.96833333,8829.3,-116.958084,32.505388,-116.916164,32.478993,-3.968333333,DP,2
10,3,3,21.31666667,13.60666667,6003.4,-116.963905,32.507095,-116.915243,32.505448,3.393333333,INCREMENTO,1
1,3,3,21.53333333,0.538333333,197.1,-117.007068,32.524494,-117.008404,32.525846,2.461666667,INCREMENTO,1
9,3,3,21.9,18.775,6424.7,-116.868837,32.494252,-116.898583,32.528883,-10.775,DM,3
5,3,3,21.91666667,13.66333333,4788,-116.963656,32.507438,-116.937403,32.522742,-4.663333333,DP,2
2,3,3,22.2,7.548333333,4050.8,-116.885042,32.448078,-116.90561,32.468052,-2.548333333,DP,2
10,4,3,2.583333333,18.92833333,11089.6,-116.960035,32.506777,-116.886193,32.541313,-6.928333333,DM,3
9,4,3,5.6,11.34166667,4911.3,-116.872477,32.48268,-116.861878,32.505282,-1.341666667,INCREMENTO,1
5,4,3,7.2,5.355,4744.3,-116.961039,32.506375,-116.925475,32.517864,-0.355,INCREMENTO,1
2,4,3,8.2,14.31,8210.5,-116.88497,32.447983,-116.935138,32.463703,-5.31,DP,2
5,4,3,8.333333333,9.603333333,2164,-116.965231,32.505027,-116.962922,32.496212,-5.603333333,DP,2
4,4,3,9.233333333,5.45,2343.4,-116.885092,32.448152,-116.884413,32.45946,0.55,INCREMENTO,1
1,4,3,10.21666667,12.045,9741.4,-116.887315,32.452004,-116.932509,32.479487,-2.045,DP,2
2,4,3,10.21666667,19.74166667,7007.3,-116.884935,32.447978,-116.92997,32.447448,-4.741666667,DP,2
5,4,3,10.85,15.35333333,8844.9,-116.961269,32.511387,-116.927924,32.534969,-4.353333333,DP,2
10,4,3,11.15,0.52,151.1,-116.967277,32.510028,-116.968642,32.510742,0.48,INCREMENTO,1
5,4,3,12.21666667,14.195,5571.2,-116.963242,32.507935,-116.949461,32.471283,-7.195,DM,3
9,4,3,12.75,6.895,2050,-116.868625,32.494317,-116.872048,32.506032,2.105,INCREMENTO,1
10,4,3,13.31666667,15.625,9026.8,-116.960542,32.50727,-116.931765,32.544285,-7.625,DM,3
2,4,3,13.98333333,12.405,6915.8,-116.885132,32.448192,-116.934773,32.469635,-4.405,DP,2
4,4,3,14.21666667,9.396666667,6900,-116.885073,32.448145,-116.918468,32.472398,-4.396666667,DP,2
5,4,3,14.28333333,8.46,5856.5,-116.960269,32.506024,-116.943274,32.544212,-2.46,DP,2
1,4,3,14.93333333,10.71,9182.5,-116.879856,32.446443,-116.89805,32.41982,-4.71,DP,2
10,4,3,15.11666667,14.83333333,6054,-116.95875,32.505892,-116.934315,32.516732,-1.833333333,INCREMENTO,1
2,4,3,15.36666667,3.695,1828.7,-116.88526,32.448292,-116.880327,32.458295,2.305,INCREMENTO,1
10,4,3,15.58333333,14.45333333,6489.8,-116.942417,32.517705,-116.980377,32.50889,-5.453333333,DP,2
9,4,3,16.06666667,7.166666667,2941.7,-116.868893,32.494288,-116.879565,32.48003,-2.166666667,DP,2
10,4,3,16.15,0.91,249,-116.968045,32.507185,-116.969828,32.508395,0.09,INCREMENTO,1
1,4,3,17.73333333,8.17,4764.3,-116.894881,32.457316,-116.931441,32.456584,2.83,INCREMENTO,1
9,4,3,17.71666667,6.931666667,3000.4,-116.86868,32.494287,-116.880253,32.480357,-0.931666667,INCREMENTO,1
10,4,3,17.85,11.09,3511.4,-116.964197,32.507,-116.945093,32.488467,-4.09,DP,2
10,4,3,18.13333333,3.166666667,760.2,-116.946998,32.486585,-116.941775,32.485213,-1.166666667,INCREMENTO,1
9,4,3,18.86666667,14,6195.1,-116.963937,32.506862,-116.921297,32.482713,0,INCREMENTO,1
10,4,3,19.06666667,18.45333333,5470.4,-116.965463,32.50564,-116.968773,32.47036,-8.453333333,DM,3
2,4,3,19.5,12,9758.4,-116.884972,32.447963,-116.930873,32.49136,-1,INCREMENTO,1
9,4,3,19.85,16.25666667,8356.6,-116.987047,32.51201,-116.935785,32.524938,-4.256666667,DP,2
1,4,3,21.51666667,8.33,5481.2,-116.870185,32.444338,-116.828561,32.459043,-3.33,DP,2
10,4,3,21.71666667,9.933333333,4060.5,-116.96552,32.505257,-116.977782,32.488253,-1.933333333,DP,2
1,5,3,1.166666667,16.315,9250.3,-116.873348,32.456907,-116.925544,32.468295,-6.315,DP,2
4,5,3,1.25,22.05833333,9690.3,-116.885092,32.448165,-116.946072,32.436367,-3.058333333,DP,2
5,5,3,1.45,18.13333333,5818.5,-116.960929,32.507448,-116.95757,32.470887,-8.133333333,DM,3
9,5,3,2.416666667,14.40666667,5751,-116.868525,32.49431,-116.897857,32.52197,-2.406666667,DP,2
2,5,3,3.266666667,22.63,12447.9,-116.884922,32.447952,-116.806937,32.487095,0.37,INCREMENTO,1
10,5,3,5.683333333,14.155,6544.7,-116.961423,32.5079,-116.910393,32.49064,-6.155,DP,2
5,5,3,6.7,9.636666667,4861.8,-116.962658,32.508449,-116.986346,32.523109,-1.636666667,INCREMENTO,1
4,5,3,7.383333333,12.97833333,10106.8,-116.932703,32.375628,-116.939858,32.407773,3.021666667,INCREMENTO,1
5,5,3,7.4,16.54833333,7396.6,-116.962656,32.508457,-116.986987,32.469619,-5.548333333,DP,2
1,5,3,7.483333333,28.26,11416.1,-116.889427,32.454716,-116.964313,32.431076,-10.26,DM,3
1,5,3,9.333333333,9.415,3211.3,-116.892687,32.458585,-116.872165,32.462515,-4.415,DP,2
2,5,3,12.05,7.81,3159.8,-116.885385,32.448317,-116.885715,32.464423,3.19,INCREMENTO,1
5,5,3,12.56666667,6.693333333,2559.1,-116.966451,32.506138,-116.988466,32.513697,-2.693333333,DP,2
9,5,3,12.46666667,8.273333333,3566.4,-116.876478,32.493252,-116.888413,32.513957,-2.273333333,DP,2
10,5,3,12.76666667,6.496666667,1720.1,-117.017707,32.524993,-117.019957,32.523732,-4.496666667,DP,2
1,5,3,13.31666667,7.388333333,4492.4,-116.897847,32.459067,-116.912459,32.472814,-0.388333333,INCREMENTO,1
5,5,3,14.58333333,19.93666667,11282.9,-116.960526,32.507157,-116.879163,32.53956,-6.936666667,DM,3
2,5,3,14.8,7.961666667,7221.8,-116.885125,32.448103,-116.904603,32.4544,-3.961666667,DP,2
1,5,3,14.98333333,20.61833333,19524.1,-116.868796,32.443833,-116.733342,32.507858,-5.618333333,DP,2
10,5,3,15.43333333,3.635,833.2,-117.03032,32.523087,-117.031702,32.522897,-2.635,DP,2
2,5,3,16.15,21.64833333,10162.9,-116.886523,32.460335,-116.856257,32.50704,-3.648333333,DP,2
5,5,3,16.73333333,11.06333333,6339.3,-116.96253,32.508604,-116.930199,32.537269,1.936666667,INCREMENTO,1
5,5,3,17.53333333,3.491666667,2208,-117.008834,32.521808,-116.987529,32.515655,6.508333333,INCREMENTO,1
10,5,3,19.51666667,9.493333333,2385,-117.031295,32.52457,-117.047743,32.530435,-3.493333333,DP,2
5,5,3,19.76666667,11.78666667,10409.5,-116.997731,32.474776,-117.051616,32.493657,0.213333333,INCREMENTO,1
4,5,3,19.91666667,12.805,4542.1,-116.868802,32.494288,-116.897312,32.510283,-1.805,INCREMENTO,1
4,5,3,20.31666667,7.455,2790.4,-116.903408,32.510732,-116.876542,32.513742,0.545,INCREMENTO,1
5,5,3,21.25,6.998333333,3381.8,-116.962187,32.506229,-116.952267,32.519851,-0.998333333,INCREMENTO,1
5,5,3,22.36666667,19.99333333,6938.1,-116.964141,32.504245,-116.971414,32.45651,-8.993333333,DM,3
5,6,3,1.733333333,9.426666667,3727.7,-116.965576,32.505648,-116.996482,32.507716,-4.426666667,DP,2
1,6,3,3.416666667,7.325,3277.2,-116.891599,32.456436,-116.902217,32.46719,-1.325,INCREMENTO,1
4,6,3,3.766666667,24.59833333,10162.3,-116.932013,32.375892,-116.970188,32.426772,0.401666667,INCREMENTO,1
10,6,3,7.95,9.275,4854.9,-116.967938,32.507052,-116.986095,32.517932,-6.275,DP,2
1,6,3,8.183333333,19.2,11897,-116.875039,32.436959,-116.961916,32.387202,-6.2,DP,2
4,6,3,8.4,17.59,14455.4,-116.88524,32.448335,-116.93903,32.404245,-2.59,DP,2
10,6,3,8.816666667,12.28166667,5317.4,-116.959453,32.506435,-116.933415,32.497598,-8.281666667,DM,3
2,6,3,9.133333333,20.12666667,11522,-116.885292,32.448288,-116.953785,32.468223,-7.126666667,DM,3
4,6,3,9.383333333,16.10333333,5586,-116.876687,32.443653,-116.873933,32.467725,-6.103333333,DP,2
10,6,3,9.666666667,33.82666667,21445,-116.932537,32.484197,-116.79922,32.488323,-8.826666667,DM,3
5,6,3,9.8,15.085,5193.2,-116.961652,32.502454,-116.970305,32.467836,-8.085,DM,3
3,6,3,9.933333333,29.33666667,22579.4,-116.955848,32.503912,-116.829822,32.489122,-3.336666667,DP,2
5,6,3,10.23333333,4.473333333,1200.2,-116.97103,32.46861,-116.969209,32.474229,0.526666667,INCREMENTO,1
9,6,3,12.45,8.126666667,2724.2,-117.062112,32.532012,-117.035222,32.534488,-3.126666667,DP,2
4,6,3,12.96666667,12.06,4845.3,-116.885233,32.448278,-116.864105,32.472345,0.94,INCREMENTO,1
10,6,3,13.05,6.083333333,927,-116.921405,32.496203,-116.913142,32.497012,-1.083333333,INCREMENTO,1
5,6,3,13.56666667,13.19333333,5918,-116.965291,32.505849,-117.003525,32.483934,0.806666667,INCREMENTO,1
9,6,3,14.13333333,23.33166667,11356.5,-117.028058,32.524802,-117.095148,32.515822,-1.331666667,INCREMENTO,1
10,6,3,14.83333333,8.346666667,3901.1,-116.962492,32.508628,-116.941827,32.488622,-3.346666667,DP,2
10,6,3,15.21666667,12,4210.6,-116.942772,32.496502,-116.963723,32.483682,-4,DP,2
5,6,3,15.48333333,9.713333333,6268.1,-116.962423,32.508578,-116.929523,32.522861,11.28666667,INCREMENTO,1
2,6,3,16.81666667,27.27666667,20134.1,-116.885313,32.448277,-116.968045,32.406682,-7.276666667,DM,3
10,6,3,16.81666667,8.818333333,3406.5,-116.974397,32.506145,-116.96517,32.505202,7.181666667,INCREMENTO,1
5,6,3,17.03333333,17.99,5337.4,-116.965606,32.505481,-116.968654,32.471353,-7.99,DM,3
4,6,3,17.45,26.605,18950.6,-116.880282,32.459225,-116.958822,32.389898,-8.605,DM,3
5,6,3,17.73333333,26.54333333,11203.2,-116.956068,32.491684,-116.918676,32.549273,0.456666667,INCREMENTO,1
2,6,3,17.76666667,31.40333333,33085.5,-116.931038,32.403282,-117.010143,32.525548,-2.403333333,DP,2
9,6,3,18.56666667,21.53666667,15519.9,-117.091243,32.535815,-116.998085,32.44878,-0.536666667,INCREMENTO,1
3,6,3,19,6.175,2036,-116.870171,32.492887,-116.880092,32.48477,1.825,INCREMENTO,1
3,6,3,20.01666667,5.871666667,2356.4,-116.869087,32.492843,-116.87373,32.474558,6.128333333,INCREMENTO,1
10,6,3,19.91666667,14.38666667,7772.1,-116.966635,32.506108,-116.93305,32.542775,2.613333333,INCREMENTO,1
5,6,3,20.03333333,17.62833333,8130.8,-116.963358,32.503726,-116.999237,32.472906,-6.628333333,DM,3
9,6,3,20.01666667,1.198333333,685,-117.02596,32.443405,-117.032767,32.444932,-0.198333333,INCREMENTO,1
4,6,3,20.25,22.635,10045,-116.885197,32.448313,-116.9437,32.429787,-8.635,DM,3
2,6,3,20.78333333,0.768333333,214.9,-116.83895,32.457748,-116.840445,32.457202,1.231666667,INCREMENTO,1
5,6,3,20.96666667,12.63833333,5122.8,-117.010203,32.525228,-117.032059,32.519096,-3.638333333,DP,2
9,6,3,21,2.226666667,1779.4,-117.024205,32.453117,-117.032428,32.44497,-0.226666667,INCREMENTO,1
1,6,3,21.16666667,4.836666667,3508.6,-116.87311,32.445451,-116.850948,32.441292,2.163333333,INCREMENTO,1
10,6,3,21.21666667,14.93,4525.9,-116.95707,32.514722,-116.969087,32.48708,-2.93,DP,2
10,6,3,21.6,14.61333333,5241.7,-116.970982,32.492283,-116.943468,32.485417,-7.613333333,DM,3
10,6,3,21.85,7.626666667,7048.8,-116.947175,32.49923,-117.010108,32.525572,-1.626666667,INCREMENTO,1
4,6,3,21.95,9.788333333,6292.5,-116.885238,32.448305,-116.827167,32.45786,-2.788333333,DP,2
2,6,3,22.51666667,6.491666667,2766,-116.885147,32.448118,-116.861973,32.446992,0.508333333,INCREMENTO,1
5,6,3,22.81666667,9.758333333,2977.2,-116.966684,32.506323,-116.990578,32.515953,-5.758333333,DP,2
9,6,3,23.41666667,0.93,342.6,-117.042968,32.43234,-117.04512,32.429897,0.07,INCREMENTO,1
9,7,3,1.966666667,20.03666667,9981.8,-117.0429,32.438608,-117.02594,32.501325,-3.036666667,DP,2
9,7,3,2.8,15.71666667,4454.7,-117.004342,32.458935,-116.971402,32.437002,-3.716666667,DP,2
10,7,3,3.3,13.13333333,8025.4,-116.962782,32.508342,-116.918023,32.538335,-5.133333333,DP,2
10,7,3,6.116666667,18.44666667,5651.7,-116.964645,32.504607,-116.95453,32.469703,-12.44666667,DM,3
9,7,3,7.5,6,1965.6,-117.028167,32.524775,-117.026623,32.531545,11,INCREMENTO,1
5,7,3,7.783333333,14.985,6209.2,-116.963612,32.5075,-116.915857,32.502377,-7.985,DM,3
2,7,3,8.583333333,9.928333333,3223.6,-116.803763,32.46764,-116.821327,32.480445,2.071666667,INCREMENTO,1
1,7,3,8.833333333,19.88666667,8864.7,-116.870591,32.462423,-116.941875,32.473658,-7.886666667,DM,3
4,7,3,9.25,15.47666667,12666.7,-116.885158,32.448158,-116.850895,32.485775,-5.476666667,DP,2
9,7,3,9.916666667,0.776666667,158.2,-117.043197,32.437918,-117.042792,32.438588,0.223333333,INCREMENTO,1
2,7,3,10.2,3.501666667,1457.7,-116.884967,32.447997,-116.885297,32.44836,-2.501666667,DP,2
9,7,3,10.3,24.51333333,15268.6,-117.015343,32.444008,-117.085777,32.500703,-2.513333333,DP,2
9,7,3,10.45,15.925,5732.6,-117.049835,32.484988,-117.085777,32.500703,-2.925,DP,2
10,7,3,10.8,6.873333333,2867.6,-116.963917,32.506975,-116.989375,32.50909,-2.873333333,DP,2
2,7,3,11.55,14.00333333,9095.7,-116.884938,32.447958,-116.836688,32.475313,-2.003333333,DP,2
5,7,3,11.66666667,9.383333333,2309.8,-116.965407,32.505824,-116.969698,32.491098,-3.383333333,DP,2
9,7,3,11.8,16.45,10930.6,-117.000763,32.473102,-117.038885,32.441238,-8.45,DM,3
1,7,3,11.93333333,27.15666667,22773.2,-116.875102,32.446176,-116.68563,32.471241,-3.156666667,DP,2
9,7,3,12.51666667,8.69,1511.4,-117.042798,32.438563,-117.035825,32.440878,-2.69,DP,2
2,7,3,13.58333333,12.35,6892.8,-116.885118,32.448062,-116.934458,32.46972,-4.35,DP,2
9,7,3,14.21666667,26.42,12358.5,-117.042803,32.438537,-117.077997,32.481358,-11.42,DM,3
1,7,3,14.5,19.745,9418.4,-116.88765,32.452349,-116.953243,32.431338,-6.745,DM,3
1,7,3,14.5,19.745,9418.4,-116.88765,32.452349,-116.953243,32.431338,-6.745,DM,3
10,7,3,15.03333333,21.355,8700.2,-116.960142,32.506912,-116.925972,32.540513,-2.355,DP,2
2,7,3,16.31666667,15.43666667,4490.6,-116.885013,32.447973,-116.873637,32.467325,-10.43666667,DM,3
1,7,3,16.68333333,10.34166667,3858,-116.892187,32.443727,-116.917681,32.454723,-1.341666667,INCREMENTO,1
10,7,3,16.95,5.345,2958.6,-116.961098,32.50758,-116.935858,32.499602,-2.345,DP,2
5,7,3,17.4,6.695,4487.2,-116.962577,32.508559,-116.947074,32.531999,-1.695,INCREMENTO,1
4,7,3,17.46666667,24.96166667,10695.8,-116.885142,32.448107,-116.939862,32.423347,-8.961666667,DM,3
2,7,3,17.96666667,19.08166667,10571.2,-116.885283,32.448247,-116.791207,32.475862,-9.081666667,DM,3
3,7,3,19.36666667,19.98666667,13949.6,-116.884519,32.448814,-116.866305,32.504782,7.013333333,INCREMENTO,1
3,7,3,20.35,5.146666667,1518.5,-116.862535,32.508706,-116.850059,32.508844,0.853333333,INCREMENTO,1
1,7,3,20.51666667,11.305,8404.2,-116.878068,32.446537,-116.810868,32.463989,-5.305,DP,2
5,7,3,20.53333333,16.75166667,6095.8,-116.962482,32.508544,-116.952957,32.475947,-5.751666667,DP,2
2,7,3,20.7,21.91833333,11655.1,-116.884963,32.447972,-116.790927,32.485595,2.081666667,INCREMENTO,1
10,7,3,20.68333333,8.101666667,2196.7,-116.96393,32.507023,-116.975228,32.498625,-2.101666667,DP,2
4,7,3,21.7,19.72166667,18999.5,-116.88524,32.448243,-116.927153,32.373697,0.278333333,INCREMENTO,1
5,7,3,22.33333333,1.128333333,262.5,-116.96427,32.507756,-116.965403,32.509321,-0.128333333,INCREMENTO,1
10,7,3,22.68333333,12.20833333,6017.9,-116.962305,32.510008,-116.993835,32.475323,-7.208333333,DM,3
5,7,3,22.78333333,0.563333333,368.1,-116.984832,32.515627,-116.980948,32.515114,-0.563333333,INCREMENTO,1
10,7,3,22.95,19.69666667,6084.1,-116.96451,32.506707,-116.968667,32.470793,-12.69666667,DM,3
10,7,3,23.81666667,9.376666667,5665.7,-117.00851,32.522607,-116.964133,32.506768,-0.376666667,INCREMENTO,1
2,1,3,1.5,24.59333333,21784.7,-116.885183,32.448182,-116.684955,32.457437,-0.593333333,INCREMENTO,1
5,1,3,1.666666667,0.898333333,273.5,-116.940576,32.474423,-116.938748,32.472494,2.101666667,INCREMENTO,1
10,1,3,3.25,14.86333333,6694.5,-116.962088,32.508348,-116.907853,32.491713,-4.863333333,DP,2
6,3,3,17.91666667,14.75333333,6498.1,-116.964215,32.506997,-116.913365,32.503343,-2.753333333,DP,2
10,3,3,18.7,12.81166667,6615.5,-116.965787,32.505692,-116.990322,32.522462,-6.811666667,DM,3
6,3,3,19.35,21.685,7474.4,-116.964035,32.507057,-116.963445,32.461585,-10.685,DM,3
5,3,3,19.5,25.33833333,9925.4,-116.965109,32.50511,-116.988554,32.44553,-1.338333333,INCREMENTO,1
3,3,3,19.66666667,1.615,429.8,-116.872772,32.479258,-116.873639,32.481354,0.385,INCREMENTO,1
2,3,3,20.15,16.13333333,9913.2,-116.884935,32.447992,-116.847222,32.45741,-2.133333333,DP,2
6,3,3,20.13333333,23.35,8409,-116.946627,32.47626,-116.927338,32.524073,-10.35,DM,3
10,3,3,21.2,19.12,11173,-116.963712,32.507552,-116.88869,32.539852,-2.12,DP,2
3,4,3,1.666666667,14.29833333,6031.3,-116.865683,32.519167,-116.837593,32.489127,2.701666667,INCREMENTO,1
1,4,3,1.733333333,6.396666667,2615.4,-116.887462,32.452183,-116.884306,32.463232,-0.396666667,INCREMENTO,1
6,4,3,3.2,7.236666667,5396.7,-116.96416,32.506992,-116.925843,32.516927,3.763333333,INCREMENTO,1
5,4,3,6.333333333,15.83833333,10294.6,-116.96375,32.507357,-116.897374,32.537806,-5.838333333,DP,2
10,4,3,6.45,14.38833333,9793.8,-116.95992,32.506553,-116.897235,32.537792,-2.388333333,DP,2
10,4,3,6.45,14.38833333,9793.8,-116.95992,32.506553,-116.897235,32.537792,-2.388333333,DP,2
6,4,3,8.866666667,19.61166667,11977.8,-116.964203,32.506905,-117.036,32.449603,-8.611666667,DM,3
3,4,3,9.483333333,13.91833333,5626.6,-116.865983,32.509156,-116.830562,32.485713,-1.918333333,DP,2
10,4,3,9.733333333,13.30666667,5803.2,-116.96406,32.506807,-116.918135,32.490625,-5.306666667,DP,2
6,4,3,10.06666667,8.188333333,2080.4,-116.964025,32.507078,-116.970315,32.492218,-4.188333333,DP,2
1,4,3,10.7,3.973333333,4518.3,-116.899576,32.454773,-116.930149,32.481519,0.026666667,INCREMENTO,1
5,4,3,10.78333333,14.03333333,9507,-117.018769,32.523665,-116.945167,32.532328,-5.033333333,DP,2
6,4,3,11.03333333,12.50666667,6612.5,-116.971098,32.493868,-116.982898,32.462145,-3.506666667,DP,2
10,4,3,12.75,12.655,7979.8,-116.96377,32.507295,-116.932062,32.535762,-2.655,DP,2
3,4,3,12.95,5.521666667,1184.5,-116.902579,32.500483,-116.903548,32.502523,1.478333333,INCREMENTO,1
5,4,3,13.25,20.16,10009,-116.987029,32.511057,-116.924309,32.541829,-8.16,DM,3
2,4,3,13.43333333,14.90333333,7326.4,-116.87379,32.462082,-116.934498,32.453233,-7.903333333,DM,3
6,4,3,13.88333333,11.645,6578.7,-116.963957,32.507158,-116.924862,32.508715,-4.645,DP,2
10,4,3,13.91666667,18.82666667,6664.4,-116.964523,32.506685,-116.972005,32.465335,-7.826666667,DM,3
3,4,3,14.03333333,6.663333333,2470,-116.888305,32.509889,-116.906954,32.511747,-1.663333333,INCREMENTO,1
1,4,3,14.96666667,20.12333333,10670.7,-116.869021,32.443912,-116.793236,32.492178,-9.123333333,DM,3
5,4,3,15.16666667,9.478333333,3360.5,-116.958546,32.505783,-116.964462,32.497776,-1.478333333,INCREMENTO,1
2,4,3,15.16666667,8.155,2989,-116.889015,32.459927,-116.902362,32.46029,-2.155,DP,2
6,4,3,15.6,9.906666667,4194.9,-116.963953,32.507018,-116.989413,32.480877,-2.906666667,DP,2
5,4,3,16.16666667,11.76833333,4093.9,-116.991752,32.50937,-116.959418,32.494783,-5.768333333,DP,2
1,4,3,16.23333333,10,3596.7,-116.893529,32.443328,-116.913495,32.45708,-2,DP,2
2,4,3,16.45,25.91333333,9498.2,-116.90965,32.449163,-116.96269,32.411582,-5.913333333,DP,2
5,4,3,16.51666667,3.93,718.1,-116.959264,32.498576,-116.962301,32.503252,-1.93,DP,2
3,4,3,16.61666667,12.37333333,4557.8,-116.890063,32.516289,-116.910386,32.504135,-1.373333333,INCREMENTO,1
6,4,3,16.95,8.22,5864.5,-116.962608,32.508627,-116.91798,32.519258,-2.22,DP,2
10,4,3,17.16666667,9.505,2925.9,-116.965498,32.505747,-116.98498,32.492942,1.495,INCREMENTO,1
5,4,3,17.28333333,12.75,7048.2,-116.990942,32.510668,-116.939886,32.48716,-3.75,DP,2
6,4,3,17.26666667,2.07,889.9,-116.939007,32.512688,-116.946235,32.513117,6.93,INCREMENTO,1
6,4,3,18.41666667,6.053333333,1693.3,-116.964123,32.507048,-116.970462,32.495003,-3.053333333,DP,2
5,4,3,18.48333333,9.745,6204.5,-116.962891,32.508222,-116.931862,32.472523,-1.745,INCREMENTO,1
1,4,3,18.71666667,7.705,2901.1,-116.889964,32.455362,-116.907483,32.467467,-0.705,INCREMENTO,1
5,4,3,19.71666667,8.305,2590,-116.984636,32.519843,-116.962871,32.515807,-4.305,DP,2
10,4,3,20.46666667,8.576666667,3428.5,-116.964003,32.50708,-116.99483,32.509413,-3.576666667,DP,2
5,4,3,21.1,14.54666667,8444.4,-116.962483,32.508614,-116.912275,32.542255,-1.546666667,INCREMENTO,1
5,4,3,21.16666667,11.87,6328.3,-116.928008,32.514374,-116.912275,32.542255,-2.87,DP,2
6,4,3,21.28333333,11.76333333,3325,-116.963983,32.507062,-116.985002,32.491687,-1.763333333,INCREMENTO,1
10,4,3,21.26666667,10.63166667,5898.1,-116.963945,32.504008,-116.991245,32.47238,-2.631666667,DP,2
2,4,3,21.78333333,9.886666667,5662.9,-116.951437,32.500828,-116.92608,32.461062,1.113333333,INCREMENTO,1
1,4,3,21.93333333,19.90833333,9147.3,-116.887887,32.452679,-116.922888,32.44023,-5.908333333,DP,2
10,4,3,22.38333333,7.806666667,3777.2,-116.96291,32.508158,-116.945312,32.515035,0.193333333,INCREMENTO,1
4,4,3,22.51666667,9.746666667,6316.8,-116.932752,32.375592,-116.943515,32.404395,0.253333333,INCREMENTO,1
4,5,3,0.783333333,7.721666667,6626.6,-116.932702,32.375627,-116.91373,32.409843,1.278333333,INCREMENTO,1
2,5,3,3.016666667,12.76333333,4862.2,-116.885122,32.448147,-116.857645,32.4643,-2.763333333,DP,2
6,5,3,6.366666667,9.55,3390.8,-116.963867,32.506915,-116.953675,32.489205,-4.55,DP,2
1,5,3,6.5,3.501666667,1001.5,-116.887102,32.451785,-116.892909,32.45868,-1.501666667,INCREMENTO,1
9,5,3,7.683333333,28.58166667,14550,-117.028263,32.524802,-116.986385,32.448285,-10.58166667,DM,3
2,5,3,8.083333333,5.143333333,1530.8,-116.880415,32.461618,-116.878598,32.461422,-2.143333333,DP,2
5,5,3,8.316666667,4.716666667,1740.6,-116.965622,32.505617,-116.971631,32.502984,-0.716666667,INCREMENTO,1
9,5,3,8.816666667,31.55,14351.9,-117.02161,32.519622,-116.988182,32.435825,-11.55,DM,3
10,5,3,9.1,19.37333333,13641.3,-116.924615,32.462815,-116.970277,32.535945,-4.373333333,DP,2
1,5,3,9.316666667,18.51666667,13409.7,-116.879626,32.446495,-116.789367,32.479927,-6.516666667,DM,3
5,5,3,9.55,19.695,7105.2,-116.993595,32.477821,-116.988011,32.435827,-0.695,INCREMENTO,1
2,5,3,10.3,13.54666667,6107.7,-116.885182,32.448163,-116.851298,32.470687,0.453333333,INCREMENTO,1
6,5,3,11,22.94833333,7964.1,-116.963973,32.507035,-116.963833,32.458473,-10.94833333,DM,3
1,5,3,11.58333333,9.795,3148.3,-116.890067,32.455529,-116.879378,32.466837,-1.795,INCREMENTO,1
2,5,3,12.01666667,22.26,9778.5,-116.885215,32.448165,-116.945917,32.433875,-8.26,DM,3
10,5,3,12.06666667,12.77,5403.1,-116.941708,32.495618,-116.974237,32.503123,-2.77,DP,2
5,5,3,12.25,8.685,6302.4,-116.961967,32.508263,-116.945694,32.54524,1.315,INCREMENTO,1
1,5,3,12.58333333,23.56166667,13430.2,-116.962934,32.508212,-116.868,32.470835,-7.561666667,DM,3
6,5,3,12.68333333,13.805,5305.7,-116.963918,32.507092,-116.935602,32.522333,-2.805,DP,2
9,5,3,13.53333333,4.898333333,1131.1,-117.02449,32.525097,-117.019385,32.519523,-0.898333333,INCREMENTO,1
10,5,3,13.63333333,7.551666667,2826.5,-116.964048,32.5071,-116.951797,32.512092,-0.551666667,INCREMENTO,1
9,5,3,13.8,26.3,16484.2,-117.024597,32.522243,-117.07799,32.481367,-11.3,DM,3
5,5,3,13.98333333,7.221666667,5762.7,-116.960953,32.507489,-116.925136,32.508312,1.778333333,INCREMENTO,1
1,5,3,14.05,9.151666667,3283.3,-116.883613,32.461143,-116.861309,32.473974,-4.151666667,DP,2
10,5,3,14.31666667,8.451666667,3037.7,-116.96411,32.506817,-116.955175,32.49217,0.548333333,INCREMENTO,1
9,5,3,14.31666667,10.895,9645.4,-117.045688,32.482315,-117.064893,32.53329,0.105,INCREMENTO,1
6,5,3,14.68333333,8.481666667,2338.9,-116.963937,32.506947,-116.964242,32.496808,-1.481666667,INCREMENTO,1
1,5,3,15.26666667,16.93333333,8924.1,-116.879399,32.461555,-116.849385,32.500504,-4.933333333,DP,2
10,5,3,15.53333333,15.48833333,9700.1,-116.991622,32.509995,-116.932483,32.472152,-5.488333333,DP,2
6,5,3,15.83333333,11.11333333,6645.2,-116.963942,32.506978,-116.9302,32.523743,-4.113333333,DP,2
9,5,3,16.88333333,31.23,12269.8,-117.030963,32.511702,-117.094235,32.485228,-15.23,DM,3
10,5,3,17.11666667,31.32,15632.6,-116.967805,32.49825,-117.094165,32.485197,-6.32,DP,2
3,5,3,17.46666667,8.901666667,2940.6,-116.885406,32.501247,-116.912078,32.502222,-1.901666667,DP,2
6,5,3,17.8,25.4,9721.9,-116.963995,32.506948,-116.938303,32.545233,-16.4,DM,3
3,5,3,18.68333333,3.198333333,1483.6,-116.91863,32.545307,-116.929394,32.540531,-1.198333333,INCREMENTO,1
10,5,3,18.78333333,14.59333333,8042.5,-116.963898,32.507068,-116.929507,32.540227,-1.593333333,INCREMENTO,1
4,5,3,18.88333333,11.745,3086.9,-116.885225,32.448138,-116.87657,32.465202,-5.745,DP,2
9,5,3,19.05,28.01833333,14703.1,-117.027928,32.524927,-117.061253,32.438688,-7.018333333,DM,3
6,5,3,19.66666667,24.93666667,8616.3,-116.963982,32.506907,-116.967618,32.454067,-7.936666667,DM,3
4,5,3,19.66666667,19.94333333,6391.6,-116.870022,32.451882,-116.884363,32.50098,-6.943333333,DM,3
10,5,3,20.73333333,24.94833333,20351.5,-116.96366,32.507473,-116.847542,32.47952,4.051666667,INCREMENTO,1
6,5,3,21.03333333,8.34,2205.4,-116.964187,32.506887,-116.971543,32.49063,-3.34,DP,2
4,5,3,21.7,13.29666667,5919.9,-116.890358,32.44237,-116.871427,32.46289,-3.296666667,DP,2
6,5,3,22.36666667,21.16666667,11564.8,-116.963873,32.506845,-116.88742,32.54124,-4.166666667,DP,2
1,5,3,22.73333333,2.965,1717.2,-116.996848,32.517834,-117.010105,32.525511,-0.965,INCREMENTO,1
1,6,3,1.5,4.251666667,3216.7,-116.887755,32.452522,-116.916155,32.466489,-1.251666667,INCREMENTO,1
4,6,3,1.566666667,7.245,5371.4,-116.885207,32.448327,-116.834575,32.454668,-1.245,INCREMENTO,1
9,6,3,2.4,25.04,7210.9,-117.042888,32.438575,-117.072085,32.481065,-9.04,DM,3
10,6,3,3.533333333,7.345,4128.9,-116.962308,32.508577,-116.929692,32.493568,-1.345,INCREMENTO,1
5,6,3,4.35,3.023333333,1300.8,-116.969944,32.471552,-116.976839,32.476204,0.976666667,INCREMENTO,1
6,6,3,4.766666667,11.06833333,5204.1,-116.96402,32.506833,-116.995233,32.481573,-4.068333333,DP,2
10,6,3,6.816666667,8.54,4514.1,-116.963977,32.507115,-116.942428,32.49634,-1.54,INCREMENTO,1
6,6,3,7.683333333,10.10833333,4561.7,-116.956083,32.502057,-116.924567,32.492152,-4.108333333,DP,2
2,6,3,7.816666667,6.721666667,3360.4,-116.884942,32.447985,-116.894692,32.46021,-0.721666667,INCREMENTO,1
4,6,3,7.816666667,6.42,2872.1,-116.885405,32.449237,-116.873497,32.461938,-1.42,INCREMENTO,1
10,6,3,8.616666667,13.52666667,4434.9,-116.959652,32.500992,-116.973435,32.47548,-7.526666667,DM,3
5,6,3,8.55,10.37,5350.2,-116.967438,32.510144,-116.944346,32.533259,-1.37,INCREMENTO,1
1,6,3,8.85,10.13333333,6967.5,-116.876897,32.446405,-116.833364,32.463093,-3.133333333,DP,2
6,6,3,9.433333333,12.84666667,4282,-116.964067,32.506913,-116.963283,32.483827,-3.846666667,DP,2
3,6,3,9.416666667,7.283333333,2142.3,-116.896566,32.501619,-116.881288,32.492765,-1.283333333,INCREMENTO,1
5,6,3,9.733333333,20.705,7311.1,-116.960829,32.507398,-116.964894,32.460305,-11.705,DM,3
2,6,3,10.61666667,12.40666667,7637.8,-116.885275,32.44827,-116.837743,32.462068,-2.406666667,DP,2
10,6,3,10.93333333,24.72333333,19397.4,-116.964017,32.5071,-116.881752,32.548338,-0.723333333,INCREMENTO,1
4,6,3,11.46666667,5.686666667,2574.1,-116.885242,32.448328,-116.874027,32.459778,-0.686666667,INCREMENTO,1
4,6,3,12.35,16.54,8736.3,-116.954807,32.50323,-116.926802,32.442348,-4.54,DP,2
6,6,3,12.58333333,23.38333333,11687.9,-116.99006,32.503143,-116.923703,32.548867,-7.383333333,DM,3
9,6,3,12.78333333,20.405,11947.2,-117.03099,32.511792,-117.043777,32.441792,-8.405,DM,3
6,6,3,13.41666667,1.518333333,728,-116.942552,32.543282,-116.948063,32.541347,0.481666667,INCREMENTO,1
5,6,3,14.23333333,17.09333333,7925.4,-116.962504,32.508615,-116.950282,32.461917,-2.093333333,DP,2
10,6,3,14.56666667,1.378333333,521.3,-116.965538,32.500902,-116.968722,32.49706,1.621666667,INCREMENTO,1
9,6,3,15.68333333,7.416666667,3357.9,-117.04279,32.43858,-117.061865,32.438617,-2.416666667,DP,2
5,6,3,16.05,12.825,8852.5,-116.962578,32.508568,-116.900439,32.530969,-4.825,DP,2
10,6,3,16.55,10.16666667,5578.1,-116.959438,32.506465,-116.914868,32.493982,-1.166666667,INCREMENTO,1
6,6,3,16.81666667,9.778333333,2511.2,-116.963922,32.506872,-116.972982,32.48829,-2.778333333,DP,2
5,6,3,16.85,9.018333333,6077.6,-116.959902,32.506512,-116.927336,32.524151,17.98166667,INCREMENTO,1
2,6,3,17.13333333,14.48,8543.8,-116.885065,32.44806,-116.940592,32.484755,-4.48,DP,2
6,6,3,17.31666667,4.918333333,1979.5,-117.0093,32.514228,-116.992203,32.50771,3.081666667,INCREMENTO,1
10,6,3,17.78333333,2.171666667,427.2,-116.972135,32.470488,-116.970877,32.469237,1.828333333,INCREMENTO,1
9,6,3,17.86666667,12.53833333,5585.5,-117.028165,32.524868,-116.999842,32.544037,-3.538333333,DP,2
5,6,3,18.03333333,7.42,3897.5,-116.958598,32.505793,-116.931625,32.495508,-2.42,DP,2
6,6,3,18.28333333,10.70666667,4440,-116.96392,32.506972,-116.946657,32.487108,-3.706666667,DP,2
1,6,3,18.35,12.51166667,5826.4,-116.898517,32.45541,-116.92387,32.447795,0.488333333,INCREMENTO,1
9,6,3,18.61666667,17.65833333,10132.3,-117.029065,32.523063,-117.021162,32.453137,-7.658333333,DM,3
2,6,3,18.9,27.74,12886.5,-116.885212,32.4482,-116.974262,32.460923,-8.74,DM,3
2,6,3,18.93333333,25.68166667,11765.5,-116.891045,32.456132,-116.974262,32.460923,-8.681666667,DM,3
5,6,3,19.53333333,17.78,8267,-116.965294,32.505859,-116.982061,32.460464,-6.78,DM,3
6,6,3,19.55,14.54666667,7168.8,-116.963937,32.507013,-116.92725,32.54015,-4.546666667,DP,2
10,6,3,19.6,11.95166667,4072.8,-116.963837,32.504053,-116.937895,32.479345,-5.951666667,DP,2
2,6,3,20.11666667,19.97833333,18854.8,-116.885053,32.44806,-116.930857,32.37492,-2.978333333,DP,2
2,6,3,20.11666667,19.97833333,18854.8,-116.885053,32.44806,-116.930857,32.37492,-2.978333333,DP,2
1,6,3,20.63333333,8.871666667,7985.8,-116.836472,32.45926,-116.873008,32.434058,-1.871666667,DP,2
5,6,3,20.71666667,6.903333333,2843.2,-116.964718,32.501687,-116.964108,32.506781,-1.903333333,DP,2
1,6,3,21.11666667,27.45833333,23515.4,-116.876454,32.43119,-116.96551,32.505538,-5.458333333,DP,2
2,6,3,21.16666667,13.84666667,6762.3,-117.010118,32.525478,-116.969855,32.50832,0.153333333,INCREMENTO,1
5,6,3,21.33333333,14.395,6908.7,-116.964054,32.504081,-116.997629,32.46717,-3.395,DP,2
5,6,3,21.33333333,14.395,6908.7,-116.964054,32.504081,-116.997629,32.46717,-3.395,DP,2
1,6,3,21.66666667,28.24333333,20530.3,-116.965612,32.508534,-116.840067,32.477176,-4.243333333,DP,2
4,6,3,21.98333333,16.835,4969.6,-116.885232,32.448313,-116.853108,32.466693,-3.835,DP,2
1,6,3,22.35,28.855,22480.2,-116.840347,32.476176,-117.010091,32.525529,-6.855,DM,3
10,6,3,22.46666667,8.411666667,4910.6,-116.963772,32.50308,-117.000463,32.473933,-2.411666667,DP,2
6,6,3,22.55,21.59333333,7450.9,-116.963898,32.50702,-116.97691,32.463357,-10.59333333,DM,3
10,7,3,0.366666667,11.55833333,3506.3,-116.966432,32.506082,-116.988685,32.515453,-6.558333333,DM,3
2,7,3,0.85,11.905,6742.6,-116.885232,32.448237,-116.935588,32.45942,4.095,INCREMENTO,1
2,7,3,4.266666667,15.90833333,11428.4,-116.885288,32.448307,-116.840348,32.487827,-2.908333333,DP,2
3,7,3,6.5,18.02166667,6137.8,-116.877641,32.450821,-116.876754,32.497479,-11.02166667,DM,3
1,7,3,6.683333333,10.95,6644.3,-116.884713,32.448682,-116.933771,32.467994,-1.95,DP,2
5,7,3,7.033333333,21.38833333,7359.1,-116.964799,32.506411,-116.961874,32.463416,-11.38833333,DM,3
2,7,3,8.116666667,2.455,899.5,-116.885263,32.448262,-116.877255,32.446445,-1.455,INCREMENTO,1
6,7,3,9.3,15.01666667,5857.6,-116.964017,32.507013,-117.011842,32.501125,-1.016666667,INCREMENTO,1
5,7,3,9.683333333,12.32333333,8335.2,-116.979481,32.522558,-116.956046,32.54861,-5.323333333,DP,2
4,7,3,9.8,2.708333333,1127.1,-116.932842,32.375638,-116.936342,32.37293,6.291666667,INCREMENTO,1
10,7,3,9.983333333,3.641666667,1096.2,-116.9613,32.511632,-116.96399,32.506937,-1.641666667,INCREMENTO,1
6,7,3,10.46666667,14.18833333,6098.4,-116.964005,32.50696,-117.003387,32.484595,-3.188333333,DP,2
5,7,3,11.65,14.605,8029.5,-116.983139,32.522004,-116.929889,32.545027,-2.605,DP,2
5,7,3,12.75,1.603333333,1179.3,-116.959914,32.506543,-116.959952,32.514222,0.396666667,INCREMENTO,1
3,7,3,13,6.605,2983.2,-116.859954,32.49698,-116.836886,32.490226,-1.605,INCREMENTO,1
2,7,3,13.13333333,14.17833333,7066.9,-116.885225,32.448355,-116.931928,32.451522,-5.178333333,DP,2
3,7,3,13.35,8.495,2999.5,-116.840288,32.487877,-116.817239,32.478412,4.505,INCREMENTO,1
9,7,3,13.75,19.63333333,6873.9,-116.96386,32.506992,-116.970057,32.466025,-6.633333333,DM,3
2,7,3,14.05,23.24833333,16123,-116.887182,32.451452,-116.757767,32.449003,8.751666667,INCREMENTO,1
3,7,3,14.6,2.04,973.4,-116.875827,32.502086,-116.877416,32.499652,-1.04,INCREMENTO,1
1,7,3,14.66666667,7.733333333,4163,-116.897454,32.456119,-116.926852,32.461743,-1.733333333,INCREMENTO,1
9,7,3,14.68333333,11.49833333,3740.1,-117.020742,32.524035,-116.993757,32.524952,5.501666667,INCREMENTO,1
6,7,3,14.95,14.56333333,4861.4,-116.96395,32.506965,-116.985393,32.484958,-7.563333333,DM,3
5,7,3,15,12.39,4770,-116.991957,32.497412,-116.986191,32.474521,-1.39,INCREMENTO,1
10,7,3,14.96666667,6.741666667,1583.5,-116.948367,32.486068,-116.940403,32.480038,9.258333333,INCREMENTO,1
3,7,3,15.76666667,11.815,4239.4,-116.866889,32.498937,-116.850895,32.513443,-4.815,DP,2
10,7,3,16.25,15.51833333,11119,-117.025792,32.533382,-116.93792,32.535422,-3.518333333,DP,2
9,7,3,16.56666667,7.35,2161.4,-117.028143,32.524833,-117.019,32.528693,-2.35,DP,2
5,7,3,16.78333333,2.565,1001,-116.995063,32.509549,-116.99023,32.502869,0.435,INCREMENTO,1
4,7,3,17.35,5.541666667,1534.5,-116.951973,32.401332,-116.946598,32.408957,-2.541666667,DP,2
10,7,3,17.46666667,17.75,7282.9,-116.96395,32.50714,-116.926207,32.540453,-7.75,DM,3
9,7,3,17.88333333,10.565,3596.4,-117.028177,32.524858,-116.99869,32.530658,3.435,INCREMENTO,1
5,7,3,18.18333333,10.43833333,2024.3,-116.989756,32.510728,-116.984626,32.521902,-0.438333333,INCREMENTO,1
10,7,3,18.31666667,11.70666667,6681.6,-116.960165,32.506945,-116.950482,32.534483,-4.706666667,DP,2
2,7,3,18.51666667,25.13833333,21551,-116.885153,32.44813,-116.733548,32.506072,-1.138333333,INCREMENTO,1
9,7,3,18.83333333,13.99333333,8539.2,-117.029607,32.527322,-117.050453,32.536913,-1.993333333,DP,2
5,7,3,19.1,6.698333333,3203.3,-116.902242,32.535542,-116.924261,32.547517,2.301666667,INCREMENTO,1
10,7,3,19.78333333,12.91333333,6209.5,-116.96389,32.507173,-116.987353,32.479743,-5.913333333,DP,2
5,7,3,19.83333333,17.14166667,9578.8,-116.930319,32.537096,-116.872807,32.540389,3.858333333,INCREMENTO,1
3,7,3,8.366666667,4.651666667,1755.2,-116.854048,32.500582,-116.870042,32.500524,-0.651666667,INCREMENTO,1
10,7,3,20.61666667,4.34,1211.5,-117.010287,32.525537,-117.010088,32.52675,-3.34,DP,2
5,7,3,21.33333333,17.26666667,8588.8,-116.917333,32.500123,-116.987018,32.511872,-8.266666667,DM,3
4,7,3,21.23333333,11.52333333,5687.2,-116.94214,32.384227,-116.959883,32.39193,-0.523333333,INCREMENTO,1
10,7,3,21.83333333,19.62833333,5593.9,-116.951475,32.489428,-116.983308,32.46173,-6.628333333,DM,3
4,7,3,21.73333333,3.961666667,2442,-116.93441,32.377175,-116.93981,32.38651,1.038333333,INCREMENTO,1
2,7,3,22.06666667,13.35833333,6378,-116.885107,32.448122,-116.831243,32.47438,-1.358333333,INCREMENTO,1
4,1,3,1.766666667,17.59666667,8778.5,-116.932693,32.375608,-116.955373,32.423965,6.403333333,INCREMENTO,1
1,1,3,2.5,26.1,11423.3,-116.890738,32.455957,-116.973992,32.421844,-11.1,DM,3
5,1,3,2.833333333,14.015,5228.3,-116.963529,32.507582,-116.935632,32.52219,-4.015,DP,2
3,1,3,5.316666667,13.99166667,4648.9,-116.869742,32.495468,-116.867188,32.524624,-5.991666667,DP,2
10,1,3,6.566666667,11.88333333,7236.9,-116.963807,32.507367,-116.922118,32.537368,9.116666667,INCREMENTO,1
3,1,3,7.433333333,15.38333333,5875.3,-116.872042,32.437043,-116.871292,32.417262,-5.383333333,DP,2
4,1,3,7.966666667,16.56333333,12685,-116.885062,32.4481,-116.859595,32.495865,-3.563333333,DP,2
5,1,3,10.11666667,14.25,8547.1,-116.962244,32.508512,-116.940329,32.545715,-6.25,DP,2
10,1,3,11.16666667,13.98166667,4669.6,-116.96526,32.50506,-116.96988,32.47605,-6.981666667,DM,3
5,1,3,11.88333333,12.53833333,5473.5,-116.965817,32.50574,-116.987333,32.520676,-6.538333333,DM,3
10,1,3,12.36666667,9.795,3881.7,-116.962088,32.508408,-116.94431,32.484605,-4.795,DP,2
10,1,3,12.4,7.425,1555.7,-116.942933,32.495182,-116.94431,32.484605,-4.425,DP,2
9,1,3,12.51666667,26.4,12358.1,-117.042838,32.438533,-117.07796,32.481328,-10.4,DM,3
5,1,3,12.63333333,27.06666667,11556.4,-116.961387,32.502553,-116.894865,32.544619,-14.06666667,DM,3
2,1,3,13.3,11.78166667,4512.6,-116.885178,32.448148,-116.910337,32.453745,-0.781666667,INCREMENTO,1
10,1,3,13.31666667,12.06833333,3012.7,-116.964168,32.507023,-116.970333,32.485832,-3.068333333,DP,2
10,1,3,13.31666667,12.06833333,3012.7,-116.964168,32.507023,-116.970333,32.485832,-3.068333333,DP,2
2,1,3,13.51666667,15.76166667,5741.8,-116.910577,32.452703,-116.945103,32.431165,-4.761666667,DP,2
9,1,3,14,14.03666667,6033.5,-117.028157,32.524853,-117.032828,32.480092,-4.036666667,DP,2
6,1,3,14.25,9.561666667,2156.4,-116.964037,32.507082,-116.971533,32.491555,-0.561666667,INCREMENTO,1
5,1,3,14.73333333,11.22166667,6459.9,-116.963277,32.50784,-116.925091,32.508754,-4.221666667,DP,2
10,1,3,14.95,15.815,8422.1,-116.963878,32.507388,-116.934623,32.54515,-1.815,INCREMENTO,1
9,1,3,15.05,13.51666667,7032.7,-117.030773,32.492148,-117.012882,32.445627,-0.516666667,INCREMENTO,1
2,1,3,16.23333333,14.37833333,4112.4,-116.885285,32.448252,-116.872647,32.4732,-2.378333333,DP,2
9,1,3,16.9,18.11666667,15359.7,-117.031067,32.496013,-117.035682,32.53921,-9.116666667,DM,3
6,1,3,17.2,21.64666667,8511.9,-116.962945,32.496678,-116.926623,32.542628,-4.646666667,DP,2
5,1,3,17.6,5.203333333,4532.3,-116.927293,32.47466,-116.954937,32.506196,-0.203333333,INCREMENTO,1
9,1,3,17.9,5.14,1483.1,-117.028182,32.524813,-117.027952,32.530047,5.86,INCREMENTO,1
6,1,3,18.51666667,18.63166667,8301.8,-116.963888,32.506888,-116.904417,32.490757,-6.631666667,DM,3
5,1,3,18.65,11.12166667,6459.5,-116.962674,32.508471,-116.919589,32.508686,-1.121666667,INCREMENTO,1
2,1,3,18.81666667,20.52666667,13048.4,-116.885217,32.448175,-116.885612,32.494913,-10.52666667,DM,3
6,1,3,19.33333333,8.223333333,3419.3,-116.963987,32.506883,-116.995248,32.509745,-3.223333333,DP,2
9,1,3,21.7,24.73,13315.2,-117.031942,32.517942,-116.987693,32.450452,5.27,INCREMENTO,1
1,1,3,23.01666667,15.66833333,15288.2,-116.879586,32.446501,-116.936305,32.393161,-4.668333333,DP,2
1,2,3,1.8,8.341666667,3030.5,-116.889548,32.454941,-116.877499,32.466349,-5.341666667,DP,2
5,2,3,5.25,5.903333333,2161.4,-116.968702,32.50747,-116.985222,32.506027,-0.903333333,INCREMENTO,1
2,2,3,6.183333333,17.88,6169.2,-116.885243,32.448267,-116.928158,32.442202,-3.88,DP,2
10,2,3,6.133333333,9.37,6122,-116.969702,32.507882,-117.002177,32.5201,-0.37,INCREMENTO,1
6,2,3,7.2,9.385,6169.6,-116.96401,32.506838,-116.917162,32.518663,-1.385,INCREMENTO,1
9,2,3,7.583333333,25.99166667,6497.1,-117.028142,32.5248,-117.014493,32.47704,-17.99166667,DM,3
10,2,3,7.85,8.578333333,6949.4,-116.962667,32.508497,-116.955473,32.54874,-2.578333333,DP,2
10,2,3,7.85,8.578333333,6949.4,-116.962667,32.508497,-116.955473,32.54874,-2.578333333,DP,2
5,2,3,8.083333333,16.75,7289.9,-116.959942,32.506702,-116.980493,32.534032,-2.75,DP,2
6,2,3,8.566666667,14.10166667,5695.5,-116.963898,32.506985,-116.991937,32.524247,-7.101666667,DM,3
9,2,3,9.1,2.35,478.7,-117.065383,32.503002,-117.067787,32.506288,0.65,INCREMENTO,1
1,2,3,9.883333333,7.99,2918.2,-116.890167,32.45564,-116.877417,32.466319,-2.99,DP,2
10,2,3,10.08333333,15.71833333,5309.6,-116.990953,32.507647,-116.97058,32.53389,-6.718333333,DM,3
3,2,3,10.48333333,14.955,6624.4,-116.888926,32.501179,-116.831123,32.486346,2.045,INCREMENTO,1
5,2,3,11,11.39666667,5930.1,-116.965052,32.504804,-116.986886,32.481554,-4.396666667,DP,2
2,2,3,10.98333333,26.26,15863.6,-116.885282,32.448298,-116.88134,32.513822,-16.26,DM,3
1,2,3,11.28333333,11.935,6496,-116.904909,32.454598,-116.931567,32.460556,-6.935,DM,3
9,2,3,11.66666667,8.03,3410.7,-117.016615,32.534785,-117.00037,32.518893,-2.03,DP,2
1,2,3,11.71666667,1.9,371,-116.931022,32.461092,-116.928985,32.463543,2.1,INCREMENTO,1
10,2,3,12.85,15.03833333,5061.8,-116.990198,32.503405,-116.970047,32.52564,-8.038333333,DM,3
4,2,3,13.81666667,29.345,22390.1,-116.885078,32.448203,-116.74399,32.507537,-9.345,DM,3
3,2,3,14.88333333,13.01666667,4965,-116.897779,32.5017,-116.883511,32.469403,-5.016666667,DP,2
5,2,3,14.91666667,3.925,1190.3,-116.967381,32.5067,-116.976161,32.504003,-0.925,INCREMENTO,1
2,2,3,15.55,9.68,3702.6,-116.885212,32.448202,-116.880182,32.465143,-5.68,DP,2
9,2,3,15.58333333,9.715,4034.4,-117.04279,32.438508,-117.064663,32.443148,-1.715,INCREMENTO,1
10,2,3,15.68333333,13.19333333,7480.1,-116.970422,32.508153,-116.917255,32.500193,6.806666667,INCREMENTO,1
4,2,3,15.8,14.65833333,7939.8,-116.869543,32.449972,-116.931815,32.463607,-3.658333333,DP,2
5,2,3,16.66666667,11.40666667,4429,-116.911119,32.525697,-116.901289,32.547611,0.593333333,INCREMENTO,1
3,2,3,17.2,3.536666667,1390.4,-116.878743,32.502382,-116.877257,32.500618,-1.536666667,INCREMENTO,1
3,2,3,17.2,3.536666667,1390.4,-116.878743,32.502382,-116.877257,32.500618,-1.536666667,INCREMENTO,1
4,2,3,17.3,10.46,9841.4,-116.954605,32.50296,-116.885088,32.448157,-0.46,INCREMENTO,1
10,2,3,18.26666667,15.765,5783.2,-116.961198,32.513623,-116.92593,32.540493,-7.765,DM,3
1,2,3,18.36666667,12.58,7415,-116.873192,32.445469,-116.831426,32.466387,-5.58,DP,2
10,2,3,18.66666667,2.386666667,113.5,-116.926515,32.54045,-116.927185,32.539978,-0.386666667,INCREMENTO,1
9,2,3,18.98333333,18.91666667,10680.1,-117.030933,32.511753,-117.015128,32.43976,-6.916666667,DM,3
5,2,3,19.5,4.666666667,2796.6,-116.959624,32.506524,-116.937622,32.48991,-1.666666667,INCREMENTO,1
10,2,3,19.51666667,12.985,6496.7,-116.96327,32.507793,-116.921185,32.510522,1.015,INCREMENTO,1
10,2,3,19.65,3.858333333,478.9,-116.919062,32.50802,-116.921185,32.510522,2.141666667,INCREMENTO,1
9,2,3,20.01666667,10.61166667,3122.2,-117.010093,32.525497,-117.029987,32.531295,-5.611666667,DP,2
5,2,3,20.15,22.44666667,7267.2,-116.959469,32.506463,-116.967254,32.461504,-12.44666667,DM,3
10,2,3,20.3,17.68166667,10776.9,-116.920752,32.510568,-117.010125,32.525547,-4.681666667,DP,2
4,2,3,20.43333333,13.49833333,7506.6,-116.885083,32.448172,-116.829372,32.465025,2.501666667,INCREMENTO,1
10,2,3,21.25,8.616666667,6072.8,-116.962757,32.508445,-116.924732,32.524058,-2.616666667,DP,2
5,2,3,21.38333333,15.58166667,5030,-116.959193,32.5062,-116.955044,32.472646,3.418333333,INCREMENTO,1
1,2,3,21.56666667,7.468333333,2564.7,-116.892175,32.45672,-116.885159,32.468965,-1.468333333,INCREMENTO,1
9,2,3,21.98333333,5.928333333,1423.1,-117.041512,32.435988,-117.034757,32.442573,-0.928333333,INCREMENTO,1
5,2,3,22.38333333,11.43166667,5074.5,-116.959915,32.506538,-116.937275,32.52528,0.568333333,INCREMENTO,1
3,2,3,22.88333333,5.041666667,1360.9,-116.867446,32.497904,-116.862149,32.498555,2.958333333,INCREMENTO,1
5,2,3,22.95,15.72333333,5436.9,-116.935939,32.524692,-116.95588,32.511346,-4.723333333,DP,2
5,2,3,23.45,10.50833333,2691,-116.960389,32.508095,-116.965896,32.498849,-5.508333333,DP,2
10,3,3,0.283333333,11.68,6572.1,-116.964137,32.50682,-116.918238,32.510695,4.32,INCREMENTO,1
5,3,3,1.533333333,11.91333333,6741.1,-116.957059,32.504649,-116.938304,32.474627,-0.913333333,INCREMENTO,1
2,3,3,8.05,11.09666667,4478.9,-116.885235,32.448302,-116.871507,32.466977,-3.096666667,DP,2
3,3,3,8.45,13.285,4951.9,-116.881789,32.501382,-116.913912,32.510936,-1.285,INCREMENTO,1
4,3,3,8.75,2.765,803.9,-116.932705,32.375523,-116.932778,32.379227,10.235,INCREMENTO,1
5,3,3,8.983333333,16.74833333,5643.2,-116.965184,32.505914,-116.972301,32.469821,-8.748333333,DM,3
1,3,3,9.25,8.631666667,6594.9,-116.861502,32.4433,-116.841553,32.472956,-1.631666667,INCREMENTO,1
10,3,3,9.333333333,5.415,2416.7,-116.962942,32.508178,-116.965438,32.505555,-1.415,INCREMENTO,1
9,3,3,9.816666667,26.225,11609.3,-117.029085,32.524717,-116.992987,32.453953,-8.225,DM,3
2,3,3,10.2,8.588333333,3756.4,-116.88911,32.459898,-116.913302,32.469778,-2.588333333,DP,2
5,3,3,10.31666667,18.08,5378.7,-116.965329,32.505038,-116.968776,32.470391,-9.08,DM,3
1,3,3,10.66666667,14.03666667,9057.6,-116.936687,32.488458,-116.867633,32.463532,-6.036666667,DP,2
6,3,3,10.73333333,5.003333333,1914.5,-116.964093,32.506923,-116.980633,32.507918,-0.003333333,INCREMENTO,1
2,3,3,10.85,11.40333333,7996.1,-116.980653,32.515005,-116.916023,32.49473,-3.403333333,DP,2
2,3,3,11.61666667,0.881666667,387.7,-116.922942,32.480323,-116.92145,32.477152,0.118333333,INCREMENTO,1
10,3,3,11.81666667,19.235,11372,-116.963258,32.5079,-116.900572,32.547505,-3.235,DP,2
9,3,3,12.48333333,26.47166667,20866,-117.042967,32.438677,-117.034555,32.537792,-7.471666667,DM,3
10,3,3,12.5,13.24,3316.1,-116.96391,32.506893,-116.966878,32.486605,0.76,INCREMENTO,1
1,3,3,13.38333333,1.271666667,292,-116.896473,32.459109,-116.895162,32.45993,3.728333333,INCREMENTO,1
10,3,3,13.41666667,13.79,6976,-116.963783,32.507338,-116.942792,32.47229,-0.79,INCREMENTO,1
10,3,3,13.66666667,10.485,2932.2,-116.942148,32.471463,-116.947003,32.4829,1.515,INCREMENTO,1
4,3,3,13.95,9.728333333,6309.7,-116.932732,32.375573,-116.943588,32.404348,-0.728333333,INCREMENTO,1
9,3,3,14.2,14.44166667,10744.3,-117.017623,32.448137,-117.06053,32.496103,-0.441666667,INCREMENTO,1
6,3,3,14.91666667,18.66333333,11380.6,-116.987048,32.511377,-116.900065,32.538303,-6.663333333,DM,3
10,3,3,15.06666667,4.563333333,1782.6,-116.964052,32.506893,-116.954582,32.505908,0.436666667,INCREMENTO,1
6,3,3,16.15,2.528333333,720.1,-116.990913,32.506492,-116.99288,32.509213,-0.528333333,INCREMENTO,1
4,3,3,17.15,17.56833333,8752.3,-116.932748,32.375638,-116.955788,32.42306,-0.568333333,INCREMENTO,1
5,3,3,17.71666667,17.53333333,13586.5,-116.927816,32.475541,-116.903118,32.536413,10.46666667,INCREMENTO,1
10,3,3,18.36666667,13.27333333,6381.5,-116.964013,32.507058,-116.991012,32.472407,-2.273333333,DP,2
9,3,3,18.45,13.15333333,5534,-117.042897,32.438637,-117.01069,32.436618,7.846666667,INCREMENTO,1
5,3,3,18.78333333,26.59833333,10602.4,-116.983384,32.519737,-116.962245,32.467442,-12.59833333,DM,3
6,3,3,20.96666667,24.015,10073.3,-116.966682,32.507677,-116.972498,32.455517,-1.015,INCREMENTO,1
6,3,3,22.61666667,8.23,2454.6,-116.957382,32.493553,-116.964062,32.506787,-3.23,DP,2
2,3,3,22.76666667,9.591666667,2364.6,-116.885138,32.4481,-116.880675,32.463002,-5.591666667,DP,2
4,4,3,0.333333333,24.72,10507.5,-116.932818,32.375658,-116.967947,32.426548,-2.72,DP,2
9,4,3,0.65,9.235,2046.8,-117.042885,32.438605,-117.043152,32.449048,-2.235,DP,2
5,4,3,1.383333333,4.456666667,1721.9,-116.961942,32.508236,-116.957216,32.513805,-0.456666667,INCREMENTO,1
3,4,3,3.8,15.52833333,5533.9,-116.831782,32.507095,-116.873329,32.517092,-7.528333333,DM,3
10,4,3,3.95,14.365,8056.5,-116.96395,32.507157,-116.970362,32.535962,-5.365,DP,2
10,4,3,6.35,23.70833333,19171.8,-116.96237,32.50857,-116.881767,32.548362,-3.708333333,DP,2
1,4,3,6.483333333,14.34666667,5691.1,-116.888788,32.453883,-116.875709,32.484371,-6.346666667,DP,2
3,4,3,6.533333333,6.153333333,2551.6,-116.880125,32.446471,-116.867394,32.441729,-5.153333333,DP,2
6,4,3,6.5,10.865,4679.8,-116.964053,32.507022,-117.000102,32.517035,-5.865,DP,2
2,4,3,6.616666667,11.215,4530.8,-116.88524,32.44829,-116.91126,32.454558,-3.215,DP,2
4,4,3,6.766666667,28.12666667,12311.4,-116.885285,32.448277,-116.968385,32.419615,-12.12666667,DM,3
9,4,3,8.083333333,1.055,239.6,-117.028182,32.524838,-117.030723,32.52461,-0.055,INCREMENTO,1
10,4,3,9.6,10.87,6742.3,-116.963867,32.507242,-116.926612,32.523865,-0.87,INCREMENTO,1
2,4,3,9.95,24.795,11350.3,-116.885345,32.448355,-116.965092,32.425505,-10.795,DM,3
4,4,3,11.08333333,9.503333333,4769.6,-116.885272,32.448317,-116.91257,32.472808,5.496666667,INCREMENTO,1
2,4,3,11.21666667,22.88166667,8544.5,-116.884987,32.448028,-116.925802,32.43925,-8.881666667,DM,3
6,4,3,11.53333333,13.77666667,6386.9,-116.96406,32.50691,-116.915078,32.498388,-0.776666667,INCREMENTO,1
10,4,3,11.68333333,23.43166667,8279.9,-116.962463,32.508647,-116.96974,32.452878,-12.43166667,DM,3
1,4,3,12.23333333,15.96333333,4828.4,-116.923359,32.463792,-116.925476,32.439997,-7.963333333,DM,3
2,4,3,12.16666667,12.47833333,5039.8,-116.884957,32.447978,-116.8629,32.466072,-3.478333333,DP,2
6,4,3,12.55,11.29333333,7824.3,-116.938973,32.493587,-116.925143,32.524017,8.706666667,INCREMENTO,1
10,4,3,12.71666667,10.45666667,2604.7,-116.965613,32.505543,-116.968982,32.487158,-4.456666667,DP,2
4,4,3,12.96666667,12.08833333,4931.5,-116.885237,32.448252,-116.87089,32.471023,-5.088333333,DP,2
6,4,3,13.38333333,19.28833333,6753.8,-116.963952,32.506948,-116.971665,32.464447,-7.288333333,DM,3
10,4,3,14.01666667,14.61,6341.1,-116.963958,32.507167,-116.912568,32.483292,-5.61,DP,2
6,4,3,15.95,17.52166667,6298,-116.964033,32.506885,-116.971475,32.468043,-8.521666667,DM,3
10,4,3,16.11666667,9.7,4733.1,-116.953757,32.502332,-116.917815,32.506397,-2.7,DP,2
10,4,3,16.61666667,13.17,5165.3,-116.983457,32.519797,-116.967672,32.498393,-3.17,DP,2
1,4,3,17.05,27.61,21826.4,-116.880596,32.446328,-116.743841,32.504827,-9.61,DM,3
4,4,3,17.41666667,18.58,8941.7,-116.885028,32.448542,-116.930665,32.441293,1.42,INCREMENTO,1
2,4,3,17.51666667,25.35833333,13156.1,-116.963962,32.507028,-116.886947,32.550353,-3.358333333,DP,2
9,4,3,17.7,21.30333333,9836.6,-117.04282,32.438552,-117.050702,32.482987,-11.30333333,DM,3
6,4,3,17.66666667,9.841666667,6732.6,-116.958597,32.500523,-116.924888,32.526598,8.158333333,INCREMENTO,1
4,4,3,18.73333333,11.62833333,7525.7,-116.885082,32.448172,-116.83357,32.460467,-4.628333333,DP,2
10,4,3,18.76666667,11.905,4112.1,-116.960365,32.507062,-116.953057,32.48127,-3.905,DP,2
2,4,3,19.36666667,9.508333333,6528.4,-116.88494,32.448008,-116.838462,32.454247,-1.508333333,INCREMENTO,1
1,4,3,19.61666667,22.10333333,10317.5,-116.88047,32.450464,-116.938677,32.433422,3.896666667,INCREMENTO,1
4,4,3,19.8,11.38833333,6457.8,-116.885195,32.448145,-116.931607,32.460598,-2.388333333,DP,2
6,4,3,21.1,14.54333333,4850.6,-116.964018,32.506902,-116.985363,32.484917,-6.543333333,DM,3
10,4,3,21.61666667,7.828333333,2656.5,-116.965133,32.505978,-116.980037,32.492313,-2.828333333,DP,2
2,4,3,21.88333333,15.91833333,14078.7,-116.885295,32.448267,-116.911833,32.410305,-2.918333333,DP,2
6,4,3,22.06666667,19.73166667,11323.3,-116.963907,32.50706,-116.888702,32.540597,-4.731666667,DP,2
6,5,3,3.3,15.69666667,6940.2,-116.964333,32.506932,-116.986512,32.471883,-1.696666667,INCREMENTO,1
10,5,3,3.683333333,3.925,1129.3,-116.94269,32.488418,-116.951018,32.49498,0.075,INCREMENTO,1
6,5,3,4.65,10.38333333,4775.2,-116.962752,32.516215,-116.931968,32.53174,-2.383333333,DP,2
3,5,3,6.6,1.518333333,692.7,-116.885151,32.448071,-116.878904,32.450669,1.481666667,INCREMENTO,1
10,5,3,7.366666667,16.08166667,6776.2,-116.96978,32.500797,-116.91863,32.48227,1.918333333,INCREMENTO,1
9,5,3,7.416666667,25.05666667,10380.3,-117.031153,32.51179,-117.07824,32.476623,-14.05666667,DM,3
3,5,3,7.766666667,21.16,10775.3,-117.083396,32.533632,-117.036496,32.499594,-6.16,DP,2
6,5,3,8.65,16.06166667,7020.9,-116.964282,32.506997,-116.984263,32.473127,-6.061666667,DP,2
2,5,3,10.03333333,14.89833333,5593.9,-116.884975,32.447987,-116.86904,32.47081,-7.898333333,DM,3
9,5,3,10.2,21.85833333,13214.6,-117.030957,32.511727,-117.034622,32.442285,-10.85833333,DM,3
10,5,3,11.03333333,6.586666667,6851.9,-116.961523,32.51281,-116.898687,32.528283,-0.586666667,INCREMENTO,1
9,5,3,11.41666667,20.59833333,8601.1,-117.016553,32.534697,-117.031687,32.48018,-7.598333333,DM,3
1,5,3,12.85,16.77,7828.5,-116.892154,32.458946,-116.836718,32.475289,-4.77,DP,2
10,5,3,13.08333333,11.03666667,4801.9,-116.963313,32.503703,-116.939813,32.487343,-2.036666667,DP,2
4,5,3,13.61666667,15.6,8364.1,-116.885092,32.448147,-116.817602,32.471053,-1.6,INCREMENTO,1
9,5,3,14.06666667,7.57,2187.8,-117.047348,32.526692,-117.062218,32.51987,-2.57,DP,2
10,5,3,14.91666667,7.041666667,2635.5,-116.990655,32.510695,-116.971475,32.505002,-0.041666667,INCREMENTO,1
10,5,3,14.96666667,6.41,2438.7,-116.988558,32.510798,-116.971475,32.505002,-2.41,DP,2
10,5,3,15.05,3.971666667,906.2,-116.972368,32.505498,-116.966702,32.505753,-0.971666667,INCREMENTO,1
1,5,3,15.26666667,2.74,860,-116.882093,32.46285,-116.884146,32.469568,3.26,INCREMENTO,1
4,5,3,15.16666667,2.413333333,1630.8,-116.9289,32.476057,-116.92328,32.462952,4.586666667,INCREMENTO,1
9,5,3,15.58333333,11.93333333,2564.8,-117.034668,32.523945,-117.047092,32.534632,-1.933333333,DP,2
10,5,3,15.95,3.243333333,2092.9,-117.005557,32.520278,-116.986902,32.51696,1.756666667,INCREMENTO,1
9,5,3,16.18333333,9.216666667,2531.3,-117.01533,32.527502,-117.017227,32.525423,-8.216666667,DM,3
10,5,3,16.8,9.898333333,1771.9,-116.991333,32.508088,-116.987087,32.519978,-3.898333333,DP,2
9,5,3,16.86666667,13.04833333,8126.7,-117.016632,32.534752,-117.047947,32.540553,-5.048333333,DP,2
4,5,3,17.08333333,15.81333333,12656,-116.884938,32.448018,-116.955963,32.511407,-5.813333333,DP,2
2,5,3,17.25,27.48333333,22495.3,-116.885047,32.4481,-116.728703,32.513613,-2.483333333,DP,2
9,5,3,17.18333333,14.96833333,6742.9,-117.047757,32.538582,-117.010148,32.52557,-1.968333333,DP,2
1,5,3,17.8,18.92666667,15059.7,-116.945267,32.496955,-116.82585,32.458324,1.073333333,INCREMENTO,1
4,5,3,18.25,6.95,2687.4,-116.963975,32.506952,-116.988767,32.509265,-1.95,DP,2
9,5,3,18.41666667,4.696666667,1468.2,-116.963837,32.507032,-116.959437,32.500908,-2.696666667,DP,2
4,5,3,18.53333333,22.235,14168.9,-116.988852,32.509038,-116.899782,32.540383,-7.235,DM,3
6,5,3,18.55,24.81833333,11876.6,-116.885032,32.448058,-116.97208,32.451608,-5.818333333,DP,2
2,5,3,18.88333333,12.20333333,5654.4,-117.010088,32.525452,-116.969625,32.513147,-1.203333333,INCREMENTO,1
1,5,3,18.93333333,21.85166667,13405,-117.007367,32.524842,-116.905042,32.499063,-7.851666667,DM,3
4,5,3,19.06666667,13.91166667,10373.2,-116.90348,32.536225,-116.985907,32.518005,-4.911666667,DP,2
6,5,3,19.16666667,19.60333333,7066.3,-116.9723,32.465745,-116.984798,32.501713,-7.603333333,DM,3
9,5,3,19.81666667,10.40166667,3619.2,-117.017415,32.535627,-117.041957,32.534935,-3.401666667,DP,2
2,5,3,20.03333333,4.96,2131.5,-116.884955,32.447968,-116.886395,32.453742,-0.96,INCREMENTO,1
4,5,3,20.1,13.36166667,6768.8,-116.964087,32.506783,-117.011508,32.476915,-1.361666667,INCREMENTO,1
1,5,3,20.63333333,29.1,12708,-116.892359,32.456592,-116.795128,32.502396,-8.1,DM,3
1,5,3,21.06666667,18.39333333,8160.8,-116.79528,32.502805,-116.743778,32.506673,-5.393333333,DP,2
5,5,3,21.21666667,17.37666667,5181.2,-116.96515,32.504948,-116.965253,32.473297,-8.376666667,DM,3
2,5,3,23.11666667,12.72,6080,-116.885175,32.448198,-116.833822,32.47198,0.28,INCREMENTO,1
5,5,3,23.21666667,6.233333333,2402.6,-116.965468,32.505759,-116.986266,32.512607,-3.233333333,DP,2
4,5,3,23.38333333,8.786666667,3489.9,-116.885092,32.448082,-116.882232,32.463307,-3.786666667,DP,2
